year,timerange,division,death,injuries
2013,Night,D51,0,2
2013,Evening,D12,0,1
2013,Evening,D32,0,0
2013,Night,D31,0,0
2013,Night,D23,0,1
2013,Evening,D31,0,0
2013,Night,D22,0,1
2013,Evening,D23,0,1
2013,Afternoon,D51,1,0
2013,Night,D31,0,1
2013,Evening,D55,0,1
2013,Evening,D23,0,1
2013,Night,D51,0,0
2013,Evening,D41,0,0
2013,Morning,D51,0,1
2013,Night,D14,1,1
2013,Evening,D31,1,0
2013,Night,D14,0,0
2013,Night,D52,0,0
2013,Night,D14,0,0
2013,Evening,D23,1,0
2013,Night,D12,0,1
2013,Evening,D12,0,1
2013,Evening,D54,0,0
2013,Evening,D51,0,0
2013,Night,D55,0,1
2013,Night,D31,1,0
2013,Night,D51,0,0
2013,Night,D31,0,1
2013,Evening,D12,0,0
2013,Evening,D32,0,0
2013,Evening,D11,0,1
2013,Afternoon,D23,0,0
2013,Evening,D14,0,0
2013,Night,D23,0,0
2013,Night,D32,0,1
2013,Evening,D23,0,2
2013,Evening,D11,0,1
2013,Evening,D51,1,0
2013,Evening,D22,0,0
2013,Evening,D42,0,0
2013,Evening,D23,0,0
2013,Night,D31,0,0
2013,Night,D14,1,1
2013,Evening,D31,0,0
2013,Afternoon,D41,0,2
2013,Evening,D32,1,1
2013,Morning,D55,0,1
2013,Afternoon,D11,0,0
2013,Evening,D41,0,1
2013,Evening,D32,0,1
2013,Evening,D23,0,0
2013,Afternoon,D31,0,0
2013,Evening,D23,0,1
2013,Evening,D23,0,1
2013,Evening,D23,0,0
2013,Morning,D54,0,0
2013,Night,D43,0,0
2013,Evening,D54,0,1
2013,Evening,D51,0,0
2013,Evening,D51,0,0
2013,Night,D14,0,1
2013,Afternoon,D31,0,0
2013,Night,D11,0,2
2013,Afternoon,D12,0,1
2013,Evening,D42,1,1
2013,Afternoon,D31,0,1
2013,Evening,D12,0,1
2013,Evening,D13,0,0
2013,Night,D41,0,0
2013,Morning,D51,0,0
2013,Afternoon,D41,0,0
2013,Night,D54,0,0
2013,Evening,D54,0,1
2013,Night,D43,0,0
2013,Night,D32,0,1
2013,Evening,D51,0,0
2013,Afternoon,D42,0,1
2013,Afternoon,D22,0,0
2013,Night,D23,0,0
2013,Evening,D14,1,0
2013,Evening,D55,0,1
2013,Night,D23,0,1
2013,Night,D43,0,1
2013,Afternoon,D14,0,0
2013,Afternoon,D42,1,0
2013,Evening,D23,0,0
2013,Evening,D52,0,0
2013,Afternoon,D31,0,0
2013,Evening,D14,0,1
2013,Evening,D31,0,1
2013,Evening,D54,0,0
2013,Night,D32,1,0
2013,Evening,D32,0,0
2013,Afternoon,D54,0,1
2013,Evening,D41,0,1
2013,Evening,D42,0,1
2013,Night,D54,0,0
2013,Night,D42,0,0
2013,Night,D31,0,0
2013,Afternoon,D42,0,1
2013,Night,D14,0,0
2013,Night,D51,0,1
2013,Afternoon,D33,0,1
2013,Night,D14,0,0
2013,Night,D13,0,0
2013,Night,D12,0,1
2013,Evening,D51,0,1
2013,Evening,D51,0,0
2013,Evening,D22,0,0
2013,Night,D54,0,1
2013,Evening,D31,1,0
2013,Morning,D22,0,1
2013,Night,D43,0,1
2013,Evening,D23,0,1
2013,Night,D41,0,1
2013,Evening,D11,0,1
2013,Evening,D31,0,0
2013,Night,D52,0,0
2013,Night,D52,0,0
2013,Afternoon,D11,1,0
2013,Night,D51,0,1
2013,Night,D23,0,0
2013,Afternoon,D31,0,0
2013,Evening,D31,0,0
2013,Evening,D33,0,1
2013,Evening,D23,0,0
2013,Morning,D31,0,0
2013,Night,D14,0,1
2013,Evening,D53,0,1
2013,Afternoon,D23,1,0
2013,Afternoon,D23,0,2
2013,Morning,D31,0,1
2013,Evening,D31,0,0
2013,Evening,D23,0,0
2013,Afternoon,D31,0,1
2013,Night,D23,0,1
2013,Night,D31,0,2
2013,Night,D51,0,1
2013,Night,D51,0,1
2013,Afternoon,D31,2,0
2013,Night,D23,0,0
2013,Night,D23,0,0
2013,Night,D11,0,2
2013,Evening,D14,0,0
2013,Evening,D23,0,0
2013,Evening,D22,0,1
2013,Evening,D31,0,0
2013,Night,D12,1,0
2013,Night,D43,0,1
2013,Evening,D55,0,0
2013,Afternoon,D55,0,1
2013,Evening,D23,0,1
2013,Night,D31,0,0
2013,Afternoon,D43,0,0
2013,Night,D32,0,1
2013,Night,D14,0,0
2013,Night,D23,0,0
2013,Night,D23,1,0
2013,Morning,D14,0,0
2013,Night,D53,0,5
2013,Night,D42,0,1
2013,Afternoon,D51,1,0
2013,Night,D51,0,1
2013,Night,D55,0,0
2013,Evening,D32,0,0
2013,Evening,D14,0,0
2013,Night,D32,0,0
2013,Night,D12,0,1
2013,Evening,D54,0,1
2013,Afternoon,D53,0,1
2013,Night,D31,0,0
2013,Night,D52,0,1
2013,Evening,D51,0,1
2013,Night,D32,0,1
2013,Evening,D43,0,2
2013,Evening,D43,0,1
2013,Night,D33,0,1
2013,Afternoon,D13,0,4
2013,Night,D55,1,0
2013,Evening,D31,0,3
2013,Evening,D31,0,0
2013,Evening,D54,0,0
2013,Evening,D23,1,0
2013,Night,D51,0,0
2013,Afternoon,D41,0,0
2013,Evening,D31,0,2
2013,Afternoon,D11,0,1
2013,Night,D43,0,1
2013,Evening,D52,0,1
2013,Night,D11,0,1
2013,Evening,D23,0,1
2013,Afternoon,D31,0,1
2013,Evening,D41,0,1
2013,Afternoon,D32,0,1
2013,Night,D12,0,1
2013,Afternoon,D12,0,1
2013,Afternoon,D43,0,1
2013,Afternoon,D31,0,0
2013,Afternoon,D11,0,1
2013,Evening,D42,0,1
2013,Evening,D12,0,1
2013,Evening,D31,0,0
2013,Afternoon,D23,0,0
2014,Afternoon,D14,0,1
2014,Night,D33,0,1
2014,Evening,D12,0,3
2014,Afternoon,D41,0,0
2014,Afternoon,D42,0,1
2014,Night,D51,0,0
2014,Evening,D23,0,0
2014,Night,D33,0,1
2014,Evening,D23,0,0
2014,Night,D33,0,0
2014,Afternoon,D33,0,0
2014,Night,D41,0,1
2014,Afternoon,D43,0,0
2014,Night,D23,1,0
2014,Afternoon,D42,0,0
2014,Morning,D43,0,2
2014,Morning,D52,0,2
2014,Night,D32,1,0
2014,Evening,D22,1,0
2014,Evening,D31,0,0
2014,Night,D14,0,0
2014,Afternoon,D41,0,0
2014,Evening,D51,0,0
2014,Night,D32,0,0
2014,Morning,D55,0,0
2014,Afternoon,D12,0,0
2014,Evening,D54,0,0
2014,Night,D22,0,0
2014,Morning,D51,0,0
2014,Morning,D12,0,0
2014,Afternoon,D12,0,0
2014,Evening,D41,0,0
2014,Evening,D31,0,2
2014,Afternoon,D54,1,0
2014,Evening,D51,0,0
2014,Afternoon,D51,0,0
2014,Afternoon,D43,0,0
2014,Morning,D51,0,0
2014,Evening,D55,2,0
2014,Evening,D54,0,0
2014,Night,D51,0,0
2014,Evening,D32,0,1
2014,Evening,D11,1,0
2014,Night,D54,0,1
2014,Evening,D51,0,1
2014,Night,D51,1,1
2014,Afternoon,D51,0,0
2014,Afternoon,D12,0,0
2014,Morning,D54,0,1
2014,Evening,D42,1,0
2014,Evening,D12,0,0
2014,Afternoon,D51,0,0
2014,Evening,D55,0,1
2014,Evening,D13,1,0
2014,Night,D23,0,0
2014,Evening,D23,0,0
2014,Night,D55,0,0
2014,Afternoon,D12,0,0
2014,Afternoon,D42,0,0
2014,Afternoon,D41,0,0
2014,Night,D51,0,0
2014,Evening,D11,0,0
2014,Afternoon,D53,0,0
2014,Evening,D54,0,0
2014,Night,D54,0,0
2014,Evening,D23,0,0
2014,Night,D31,0,0
2014,Evening,D55,1,3
2014,Afternoon,D42,0,0
2014,Evening,D23,0,0
2014,Evening,D23,0,0
2014,Evening,D23,0,0
2014,Morning,D23,0,3
2014,Evening,D31,0,2
2014,Afternoon,D31,0,0
2014,Night,D41,0,0
2014,Morning,D31,0,0
2014,Evening,D42,0,1
2014,Afternoon,D41,0,0
2014,Night,D31,0,0
2014,Evening,D31,0,0
2014,Evening,D31,0,0
2014,Night,D23,0,0
2014,Evening,D32,0,1
2014,Night,D12,0,1
2014,Night,D32,0,0
2014,Afternoon,D33,0,0
2014,Evening,D32,0,1
2014,Night,D31,0,3
2014,Night,D22,0,0
2014,Night,D51,1,1
2014,Evening,D23,0,0
2014,Evening,D13,0,2
2014,Night,D32,1,2
2014,Night,D54,0,0
2014,Evening,D54,0,0
2014,Night,D43,0,1
2014,Afternoon,D31,0,1
2014,Night,D14,0,1
2014,Evening,D23,0,1
2014,Night,D22,0,0
2014,Night,D54,0,0
2014,Afternoon,D31,0,1
2014,Morning,D31,0,0
2014,Evening,D12,0,1
2014,Evening,D54,0,1
2014,Afternoon,D51,0,1
2014,Night,D14,0,0
2014,Evening,D14,0,0
2014,Afternoon,D31,0,0
2014,Evening,D31,0,1
2014,Evening,D32,0,1
2014,Night,D43,0,1
2014,Evening,D32,0,1
2014,Afternoon,D41,0,1
2014,Evening,D12,1,0
2014,Night,D23,0,1
2014,Morning,D22,0,0
2014,Afternoon,D31,0,0
2014,Night,D12,0,0
2014,Night,D22,0,0
2014,Night,D14,1,0
2014,Evening,D41,0,0
2014,Evening,D31,0,0
2014,Afternoon,D54,0,0
2014,Afternoon,D31,0,0
2014,Evening,D41,0,1
2014,Night,D14,0,0
2014,Evening,D12,1,0
2014,Night,D32,1,0
2014,Night,D43,1,1
2014,Afternoon,D31,1,0
2014,Evening,D31,0,1
2014,Evening,D23,0,0
2014,Evening,D41,0,0
2014,Afternoon,D42,0,0
2014,Evening,D12,0,0
2014,Evening,D43,1,0
2014,Afternoon,D12,0,0
2014,Night,D12,0,0
2014,Morning,D31,0,1
2014,Night,D12,1,0
2014,Evening,D51,1,0
2014,Afternoon,D23,2,0
2014,Night,D41,0,0
2014,Night,D42,0,0
2014,Afternoon,D23,0,0
2014,Afternoon,D31,0,0
2014,Afternoon,D55,0,1
2014,Evening,D41,0,0
2014,Afternoon,D54,0,1
2014,Morning,D31,0,0
2014,Afternoon,D23,0,1
2014,Evening,D12,0,0
2014,Afternoon,D32,0,0
2014,Evening,D31,0,1
2014,Evening,D12,0,1
2014,Afternoon,D41,0,1
2014,Evening,D31,1,0
2014,Afternoon,D32,0,0
2014,Evening,D31,0,0
2014,Evening,D12,1,0
2014,Night,D52,1,0
2014,Night,D42,0,0
2014,Night,D32,0,0
2014,Evening,D51,0,1
2014,Night,D31,0,0
2014,Evening,D42,0,2
2014,Morning,D31,0,0
2014,Night,D53,0,0
2014,Evening,D41,0,0
2014,Night,D31,0,0
2014,Night,D22,0,1
2014,Afternoon,D31,0,6
2014,Afternoon,D12,0,0
2014,Afternoon,D31,0,1
2014,Night,D22,0,1
2015,Night,D52,0,1
2015,Night,D51,0,3
2015,Night,D52,0,0
2015,Afternoon,D12,0,1
2015,Evening,D12,0,1
2015,Afternoon,D41,0,1
2015,Evening,D22,0,1
2015,Evening,D54,0,0
2015,Evening,D31,0,0
2015,Night,D31,0,0
2015,Evening,D14,0,1
2015,Morning,D14,0,0
2015,Evening,D23,0,0
2015,Night,D42,0,0
2015,Night,D42,0,0
2015,Evening,D23,0,1
2015,Evening,D23,0,1
2015,Evening,D41,0,0
2015,Night,D32,0,2
2015,Evening,D32,0,1
2015,Evening,D32,1,0
2015,Afternoon,D51,0,0
2015,Night,D31,0,0
2015,Night,D12,0,1
2015,Night,D14,1,0
2015,Night,D31,0,0
2015,Morning,D31,0,0
2015,Night,D42,0,0
2015,Night,D31,0,0
2015,Evening,D54,0,1
2015,Night,D22,0,0
2015,Evening,D23,0,0
2015,Morning,D33,0,1
2015,Evening,D51,0,1
2015,Afternoon,D11,0,0
2015,Afternoon,D41,0,2
2015,Night,D55,2,0
2015,Morning,D12,0,0
2015,Night,D12,0,0
2015,Evening,D14,0,0
2015,Night,D43,0,1
2015,Evening,D32,0,0
2015,Afternoon,D41,0,1
2015,Night,D23,0,1
2015,Morning,D31,0,0
2015,Night,D22,0,0
2015,Evening,D43,0,1
2015,Evening,D31,0,1
2015,Afternoon,D23,0,1
2015,Evening,D23,1,0
2015,Evening,D42,0,1
2015,Night,D23,0,0
2015,Evening,D31,0,0
2015,Evening,D32,0,0
2015,Night,D22,0,0
2015,Night,D23,0,0
2015,Night,D31,0,1
2015,Evening,D23,1,0
2015,Evening,D31,0,1
2015,Evening,D12,0,0
2015,Morning,D12,0,0
2015,Night,D22,0,0
2015,Afternoon,D52,0,1
2015,Evening,D31,0,1
2015,Night,D41,0,0
2015,Evening,D31,0,1
2015,Night,D12,0,1
2015,Night,D33,0,0
2015,Evening,D23,0,1
2015,Morning,D12,0,0
2015,Afternoon,D31,0,5
2015,Evening,D41,0,1
2015,Evening,D51,0,1
2015,Night,D43,0,0
2015,Night,D53,0,1
2015,Evening,D23,0,1
2015,Night,D41,0,1
2015,Evening,D32,0,0
2015,Night,D14,0,1
2015,Night,D42,0,0
2015,Morning,D42,0,1
2015,Evening,D33,0,0
2015,Evening,D12,0,0
2015,Morning,D51,0,0
2015,Evening,D42,0,1
2015,Night,D41,0,1
2015,Night,D42,0,0
2015,Night,D33,0,0
2015,Evening,D14,0,1
2015,Evening,D14,0,0
2015,Evening,D12,0,0
2015,Afternoon,D23,0,0
2015,Night,D54,1,0
2015,Evening,D43,0,1
2015,Evening,D11,1,0
2015,Evening,D23,0,0
2015,Night,D41,0,0
2015,Evening,D14,0,1
2015,Afternoon,D31,0,0
2015,Afternoon,D33,0,1
2015,Evening,D51,0,1
2015,Night,D31,0,0
2015,Night,D53,0,0
2015,Afternoon,D31,0,1
2015,Morning,D42,0,2
2015,Evening,D11,0,0
2015,Afternoon,D13,0,0
2015,Morning,D43,0,2
2015,Afternoon,D43,1,0
2015,Evening,D13,0,0
2015,Evening,D31,0,0
2015,Afternoon,D42,0,0
2015,Evening,D23,0,1
2015,Night,D31,0,0
2015,Afternoon,D13,0,0
2015,Night,D12,0,0
2015,Evening,D52,0,0
2015,Afternoon,D31,0,0
2015,Night,D31,0,1
2015,Afternoon,D31,0,1
2015,Evening,D31,0,0
2015,Afternoon,D31,0,0
2015,Night,D41,0,0
2015,Night,D12,0,0
2015,Evening,D31,0,1
2015,Evening,D23,0,0
2015,Morning,D51,0,1
2015,Night,D23,0,0
2015,Evening,D41,0,1
2015,Evening,D31,0,0
2015,Night,D31,0,0
2015,Evening,D23,0,0
2015,Evening,D42,0,2
2015,Morning,D31,0,0
2015,Evening,D23,0,0
2015,Evening,D42,0,1
2015,Night,D54,0,0
2015,Afternoon,D41,0,0
2015,Night,D43,0,0
2015,Night,D22,0,0
2015,Morning,D42,0,0
2015,Night,D42,0,0
2015,Night,D12,0,1
2015,Morning,D14,2,0
2015,Afternoon,D42,0,0
2015,Night,D23,0,1
2015,Evening,D31,0,0
2015,Evening,D31,0,0
2015,Night,D13,0,0
2015,Afternoon,D42,0,0
2015,Evening,D54,0,0
2015,Evening,D43,0,0
2015,Evening,D32,0,0
2015,Night,D42,0,0
2015,Evening,D12,0,0
2015,Morning,D23,1,0
2015,Night,D41,0,1
2015,Afternoon,D31,0,1
2015,Afternoon,D43,0,1
2015,Night,D31,0,0
2015,Evening,D31,0,1
2015,Afternoon,D31,0,1
2015,Night,D55,0,0
2015,Evening,D55,0,1
2015,Night,D41,0,1
2015,Night,D41,0,0
2015,Night,D41,0,0
2015,Evening,D42,0,0
2015,Evening,D33,0,1
2015,Evening,D12,0,0
2015,Evening,D41,0,0
2015,Night,D12,0,0
2015,Night,D14,0,1
2015,Evening,D12,0,0
2015,Night,D41,0,1
2015,Morning,D12,0,0
2015,Night,D14,2,2
2015,Evening,D11,0,0
2015,Night,D14,0,1
2015,Morning,D52,0,0
2015,Night,D52,1,0
2015,Morning,D12,0,0
2015,Afternoon,D33,0,0
2015,Afternoon,D51,0,0
2015,Evening,D14,0,2
2015,Afternoon,D12,1,0
2015,Morning,D33,0,0
2015,Night,D51,1,0
2015,Night,D14,0,0
2015,Evening,D12,0,2
2015,Afternoon,D51,0,1
2015,Evening,D31,0,0
2015,Night,D41,0,0
2015,Night,D42,0,2
2015,Night,D42,0,1
2015,Night,D41,0,0
2015,Night,D43,0,0
2015,Evening,D31,0,0
2015,Evening,D42,0,1
2015,Night,D31,0,1
2015,Evening,D23,0,0
2015,Night,D23,0,0
2015,Night,D12,0,0
2015,Afternoon,D32,0,0
2015,Afternoon,D31,0,0
2015,Afternoon,D52,0,2
2015,Afternoon,D12,0,0
2015,Evening,D54,0,0
2015,Afternoon,D22,0,0
2015,Night,D23,0,3
2015,Evening,D23,0,0
2015,Evening,D43,0,0
2015,Morning,D23,0,0
2015,Night,D43,1,0
2015,Morning,D22,0,0
2015,Evening,D43,0,0
2015,Afternoon,D51,0,1
2015,Evening,D22,0,0
2015,Night,D12,0,0
2015,Night,D23,0,1
2015,Afternoon,D23,1,1
2015,Night,D22,0,1
2015,Afternoon,D55,0,1
2015,Night,D22,0,1
2015,Afternoon,D12,0,0
2015,Afternoon,D51,0,0
2015,Afternoon,D31,0,0
2015,Evening,D11,0,0
2015,Afternoon,D22,0,0
2015,Afternoon,D41,0,0
2015,Night,D22,0,0
2015,Afternoon,D11,0,0
2015,Evening,D54,0,0
2015,Morning,D51,1,0
2015,Afternoon,D32,0,0
2015,Evening,D31,0,0
2015,Night,D22,0,0
2015,Evening,D53,1,0
2015,Night,D12,0,1
2015,Night,D23,0,0
2015,Evening,D31,0,1
2015,Evening,D22,0,0
2015,Evening,D54,0,0
2015,Morning,D43,0,1
2015,Evening,D31,0,0
2015,Evening,D23,1,0
2015,Morning,D22,0,0
2015,Night,D54,0,0
2015,Evening,D51,0,1
2015,Night,D31,0,0
2015,Afternoon,D12,0,1
2015,Night,D41,0,0
2015,Night,D23,0,1
2015,Evening,D23,0,0
2015,Night,D41,0,0
2015,Night,D22,0,0
2015,Evening,D33,0,0
2015,Morning,D31,0,0
2015,Night,D14,0,0
2015,Night,D12,0,1
2015,Night,D23,1,0
2015,Evening,D31,0,1
2015,Night,D12,0,0
2015,Night,D12,0,0
2015,Night,D52,0,0
2015,Night,D33,1,0
2015,Morning,D41,0,0
2015,Afternoon,D52,1,0
2015,Night,D43,0,2
2015,Evening,D12,0,4
2015,Evening,D23,0,2
2015,Night,D31,0,0
2015,Afternoon,D12,0,0
2015,Afternoon,D31,1,0
2015,Evening,D31,0,0
2015,Morning,D33,0,1
2015,Evening,D32,0,1
2015,Evening,D32,0,0
2015,Night,D11,0,0
2015,Night,D12,0,0
2015,Night,D23,0,0
2015,Night,D12,0,0
2015,Night,D31,0,0
2015,Evening,D54,0,0
2015,Afternoon,D12,0,0
2015,Evening,D31,0,2
2015,Afternoon,D23,0,2
2015,Evening,D43,0,1
2016,Morning,D33,0,0
2016,Afternoon,D51,0,1
2016,Evening,D31,0,1
2016,Evening,D54,1,0
2016,Afternoon,D43,0,1
2016,Evening,D43,0,1
2016,Afternoon,D23,0,0
2016,Afternoon,D32,0,0
2016,Evening,D23,0,1
2016,Night,D23,0,1
2016,Afternoon,D43,0,1
2016,Evening,D32,0,1
2016,Night,D31,0,0
2016,Night,D31,0,0
2016,Afternoon,D32,0,0
2016,Evening,D23,0,0
2016,Night,D42,0,0
2016,Night,D51,0,2
2016,Evening,D31,0,0
2016,Night,D54,0,3
2016,Afternoon,D12,0,0
2016,Evening,D12,0,0
2016,Night,D22,1,0
2016,Night,D31,0,0
2016,Evening,D42,1,1
2016,Evening,D22,1,0
2016,Afternoon,D42,0,0
2016,Afternoon,D23,0,0
2016,Morning,D32,0,0
2016,Afternoon,D12,0,0
2016,Night,D43,1,0
2016,Night,D14,0,2
2016,Night,D54,0,1
2016,Evening,D31,0,1
2016,Night,D32,0,1
2016,Afternoon,D13,1,0
2016,Evening,D22,0,0
2016,Night,D14,2,3
2016,Morning,D14,0,0
2016,Night,D42,0,0
2016,Night,D32,0,0
2016,Night,D22,0,0
2016,Night,D51,0,1
2016,Afternoon,D42,0,0
2016,Afternoon,D31,0,0
2016,Evening,D41,0,0
2016,Afternoon,D55,0,0
2016,Morning,D43,0,1
2016,Night,D14,0,0
2016,Night,D33,0,1
2016,Evening,D32,0,1
2016,Evening,D32,0,1
2016,Night,D14,0,1
2016,Night,D31,0,0
2016,Afternoon,D54,0,1
2016,Evening,D54,0,0
2016,Night,D31,0,0
2016,Night,D14,0,0
2016,Afternoon,D31,0,0
2016,Evening,D43,0,0
2016,Evening,D22,0,0
2016,Evening,D41,0,1
2016,Evening,D51,0,0
2016,Evening,D23,1,0
2016,Evening,D11,1,0
2016,Night,D43,0,0
2016,Evening,D52,0,0
2016,Afternoon,D32,0,0
2016,Evening,D23,0,0
2016,Night,D23,0,1
2016,Afternoon,D33,0,0
2016,Evening,D31,0,0
2016,Night,D14,0,0
2016,Afternoon,D31,0,0
2016,Evening,D41,0,1
2016,Evening,D31,0,0
2016,Evening,D12,0,1
2016,Night,D53,0,1
2016,Afternoon,D33,0,0
2016,Evening,D32,0,0
2016,Afternoon,D11,0,0
2016,Evening,D23,0,0
2016,Evening,D42,1,0
2016,Evening,D12,0,0
2016,Night,D32,0,1
2016,Evening,D31,0,0
2016,Evening,D55,1,0
2016,Evening,D23,0,0
2016,Night,D54,0,0
2016,Night,D11,0,1
2016,Night,D43,0,0
2016,Evening,D23,0,0
2016,Night,D32,0,0
2016,Night,D31,0,1
2016,Night,D51,1,0
2016,Night,D14,0,0
2016,Morning,D23,0,1
2016,Night,D31,0,1
2016,Night,D23,0,1
2016,Evening,D53,1,0
2016,Evening,D54,0,0
2016,Night,D23,0,0
2016,Night,D22,1,0
2016,Night,D31,0,0
2016,Night,D42,0,0
2016,Evening,D31,0,0
2016,Night,D42,0,0
2016,Night,D41,0,1
2016,Night,D54,1,0
2016,Afternoon,D13,0,0
2016,Evening,D23,0,1
2016,Night,D52,0,0
2016,Evening,D23,0,0
2016,Evening,D55,0,0
2016,Afternoon,D22,0,1
2016,Night,D12,0,0
2016,Morning,D31,0,1
2016,Afternoon,D13,0,1
2016,Night,D14,0,1
2016,Evening,D31,0,0
2016,Afternoon,D12,0,0
2016,Evening,D41,2,0
2016,Afternoon,D23,0,1
2016,Morning,D14,0,1
2016,Afternoon,D42,0,0
2016,Evening,D51,0,0
2016,Night,D42,0,0
2016,Night,D55,0,0
2016,Evening,D23,0,1
2016,Night,D23,0,0
2016,Evening,D23,0,1
2016,Night,D51,0,0
2016,Evening,D32,0,0
2016,Evening,D31,0,1
2016,Night,D13,0,0
2016,Night,D33,0,1
2016,Evening,D23,2,0
2016,Evening,D12,0,0
2016,Evening,D23,0,0
2016,Morning,D23,0,0
2016,Night,D32,0,0
2016,Afternoon,D23,0,0
2016,Night,D51,0,1
2016,Evening,D23,0,0
2016,Morning,D14,0,0
2016,Evening,D51,0,2
2016,Morning,D42,0,0
2016,Evening,D23,0,0
2016,Evening,D31,0,1
2016,Evening,D13,0,0
2016,Evening,D13,0,0
2016,Night,D51,0,0
2016,Night,D33,0,0
2016,Morning,D12,0,0
2016,Afternoon,D55,0,0
2016,Night,D53,0,0
2016,Morning,D53,0,0
2016,Night,D41,0,0
2016,Evening,D23,0,0
2016,Afternoon,D23,0,1
2016,Night,D12,0,0
2016,Evening,D55,0,1
2016,Afternoon,D22,0,2
2016,Evening,D31,1,0
2016,Afternoon,D31,0,0
2016,Afternoon,D53,1,0
2016,Night,D51,0,1
2016,Morning,D53,0,1
2016,Night,D31,0,0
2016,Night,D32,0,0
2016,Night,D23,0,0
2016,Evening,D13,0,0
2016,Night,D22,0,0
2016,Morning,D12,0,0
2016,Evening,D13,0,0
2016,Night,D13,0,0
2016,Night,D12,0,1
2016,Afternoon,D43,0,0
2016,Evening,D43,0,1
2016,Night,D43,0,2
2016,Evening,D42,0,0
2016,Night,D31,0,0
2016,Evening,D51,0,1
2016,Evening,D11,0,2
2016,Evening,D31,0,0
2016,Evening,D41,0,0
2016,Evening,D32,0,0
2016,Evening,D12,0,0
2016,Night,D14,2,2
2016,Night,D42,0,1
2016,Night,D55,0,1
2016,Night,D32,0,0
2016,Night,D31,0,0
2016,Evening,D43,0,0
2016,Night,D12,0,0
2016,Night,D12,0,0
2016,Evening,D42,0,0
2016,Evening,D11,0,0
2016,Evening,D11,0,0
2016,Evening,D12,0,1
2016,Afternoon,D31,1,1
2016,Afternoon,D31,0,0
2016,Evening,D31,0,0
2016,Afternoon,D31,0,2
2016,Night,D12,0,0
2016,Night,D32,0,0
2016,Night,D13,0,0
2016,Night,D14,0,2
2016,Afternoon,D23,0,1
2016,Night,D11,0,1
2016,Night,D14,0,0
2016,Evening,D14,0,0
2016,Night,D53,0,0
2016,Night,D11,0,1
2016,Afternoon,D54,0,0
2016,Night,D32,0,1
2016,Night,D13,0,0
2016,Night,D41,0,1
2016,Evening,D31,0,0
2016,Evening,D41,1,0
2016,Evening,D12,0,0
2016,Afternoon,D13,0,0
2016,Evening,D22,0,1
2016,Morning,D12,0,0
2016,Morning,D14,0,2
2016,Afternoon,D41,0,1
2016,Night,D43,0,0
2016,Night,D12,0,0
2016,Night,D52,0,2
2016,Evening,D42,0,1
2016,Night,D14,0,1
2016,Night,D33,0,1
2016,Night,D12,0,0
2016,Night,D23,0,1
2016,Night,D43,0,0
2016,Night,D31,0,0
2016,Morning,D11,0,0
2016,Evening,D22,0,0
2016,Evening,D41,0,0
2016,Evening,D13,0,0
2016,Night,D41,0,0
2016,Night,D42,0,0
2016,Night,D13,0,2
2016,Night,D54,0,0
2016,Morning,D43,0,0
2016,Night,D51,0,1
2016,Evening,D12,0,1
2016,Evening,D31,0,0
2016,Evening,D43,0,0
2016,Evening,D12,0,1
2016,Night,D11,0,0
2016,Night,D42,0,0
2016,Night,D41,0,0
2016,Evening,D31,0,0
2016,Night,D12,0,1
2016,Evening,D54,0,0
2016,Night,D51,0,0
2016,Morning,D54,0,0
2016,Evening,D41,0,1
2016,Evening,D31,0,0
2016,Night,D23,0,0
2016,Evening,D51,0,0
2016,Night,D42,0,0
2016,Night,D55,0,0
2016,Evening,D14,0,0
2016,Night,D53,0,1
2016,Evening,D55,0,1
2016,Afternoon,D14,1,0
2016,Afternoon,D32,0,0
2016,Evening,D51,0,1
2016,Night,D41,0,0
2016,Evening,D55,1,0
2016,Evening,D11,0,0
2016,Night,D31,0,0
2016,Night,D23,0,1
2016,Evening,D41,0,0
2016,Evening,D51,0,1
2016,Afternoon,D32,0,0
2016,Night,D11,0,1
2016,Night,D23,0,0
2016,Evening,D31,0,1
2016,Evening,D22,0,0
2016,Morning,D23,0,0
2016,Morning,D23,0,1
2016,Evening,D13,0,0
2016,Evening,D31,0,0
2016,Afternoon,D41,0,1
2016,Afternoon,D13,0,0
2016,Evening,D43,0,1
2016,Night,D55,0,0
2016,Night,D55,0,0
2016,Night,D14,1,0
2016,Evening,D23,0,0
2016,Evening,D31,0,2
2016,Night,D54,0,0
2016,Night,D12,0,1
2016,Evening,D22,0,1
2016,Evening,D53,0,1
2016,Night,D23,0,0
2016,Evening,D42,0,0
2016,Night,D54,0,0
2016,Evening,D51,0,1
2016,Evening,D31,0,0
2016,Night,D23,0,0
2016,Morning,D31,0,1
2016,Evening,D22,0,1
2016,Evening,D54,0,0
2016,Evening,D32,0,1
2016,Evening,D12,0,0
2016,Morning,D23,1,0
2016,Evening,D32,0,0
2016,Night,D43,0,0
2016,Afternoon,D42,0,0
2016,Night,D42,0,0
2016,Night,D42,0,0
2016,Night,D41,0,0
2016,Afternoon,D31,0,1
2016,Evening,D23,0,0
2016,Morning,D12,0,0
2016,Afternoon,D12,0,0
2016,Evening,D12,0,0
2016,Evening,D23,0,0
2016,Evening,D43,0,1
2016,Night,D31,0,0
2016,Afternoon,D12,0,0
2016,Afternoon,D42,0,1
2016,Evening,D23,0,0
2016,Night,D12,1,0
2016,Afternoon,D31,0,0
2016,Night,D23,0,0
2016,Evening,D31,0,2
2016,Afternoon,D23,1,1
2016,Afternoon,D11,0,0
2016,Evening,D32,0,0
2016,Evening,D42,0,1
2016,Evening,D23,0,1
2016,Evening,D23,0,1
2016,Night,D22,0,2
2016,Night,D31,0,0
2016,Night,D23,0,0
2016,Night,D33,0,1
2016,Evening,D31,0,0
2016,Morning,D23,0,0
2016,Night,D23,1,0
2016,Evening,D54,0,1
2016,Night,D43,1,0
2016,Afternoon,D31,0,0
2016,Night,D12,0,0
2016,Evening,D41,0,0
2016,Afternoon,D11,0,1
2016,Afternoon,D23,0,0
2016,Night,D11,0,0
2016,Morning,D32,0,0
2016,Night,D32,0,0
2016,Afternoon,D31,0,0
2016,Night,D52,0,1
2016,Night,D11,0,1
2016,Morning,D42,0,0
2016,Evening,D41,0,0
2016,Evening,D42,0,0
2016,Evening,D14,0,1
2016,Afternoon,D54,0,0
2016,Evening,D13,0,0
2016,Night,D55,0,0
2016,Evening,D14,0,1
2016,Night,D51,0,0
2016,Evening,D31,0,1
2016,Evening,D12,0,1
2016,Evening,D33,1,0
2016,Night,D33,0,0
2016,Morning,D31,1,0
2016,Night,D31,0,0
2016,Night,D23,0,0
2016,Evening,D31,0,1
2016,Evening,D32,0,0
2016,Night,D51,0,0
2016,Evening,D31,0,0
2016,Evening,D31,0,1
2016,Night,D41,0,0
2016,Evening,D31,0,0
2016,Evening,D31,0,0
2016,Evening,D31,0,0
2016,Evening,D31,0,0
2016,Afternoon,D55,1,0
2016,Morning,D33,0,0
2016,Morning,D12,0,1
2016,Night,D55,0,1
2016,Night,D31,0,0
2016,Night,D14,0,0
2016,Evening,D54,0,0
2016,Evening,D54,1,0
2016,Evening,D12,0,1
2016,Night,D42,0,0
2016,Evening,D42,0,0
2016,Night,D43,1,2
2016,Night,D31,0,1
2016,Evening,D12,1,0
2016,Evening,D23,0,1
2016,Night,D31,0,0
2016,Night,D42,0,0
2016,Evening,D23,1,0
2016,Morning,D54,0,0
2016,Night,D43,0,0
2016,Night,D54,0,0
2016,Evening,D31,0,1
2016,Night,D52,0,1
2016,Night,D54,0,1
2017,Night,D12,0,1
2017,Night,D31,0,1
2017,Night,D31,0,0
2017,Night,D52,0,0
2017,Evening,D23,0,1
2017,Night,D33,0,0
2017,Morning,D51,1,0
2017,Morning,D22,0,0
2017,Evening,D23,0,0
2017,Night,D31,0,0
2017,Night,D51,0,1
2017,Evening,D55,0,0
2017,Morning,D54,0,1
2017,Night,D11,0,0
2017,Evening,D23,0,1
2017,Evening,D54,0,0
2017,Evening,D32,0,1
2017,Evening,D23,0,0
2017,Night,D31,0,0
2017,Night,D31,1,0
2017,Afternoon,D43,0,0
2017,Afternoon,D31,0,1
2017,Night,D42,0,0
2017,Night,D14,0,1
2017,Evening,D14,0,0
2017,Morning,D12,0,0
2017,Evening,D51,1,0
2017,Afternoon,D51,1,0
2017,Evening,D31,1,0
2017,Night,D55,0,0
2017,Night,D33,0,0
2017,Evening,D23,0,0
2017,Morning,D12,0,0
2017,Night,D54,1,0
2017,Afternoon,D23,0,0
2017,Night,D11,0,0
2017,Evening,D33,0,0
2017,Evening,D23,0,2
2017,Evening,D23,1,0
2017,Afternoon,D31,0,1
2017,Afternoon,D31,0,0
2017,Afternoon,D31,0,0
2017,Evening,D11,0,1
2017,Night,D23,0,1
2017,Afternoon,D31,0,0
2017,Night,D12,0,1
2017,Night,D31,0,0
2017,Evening,D54,0,1
2017,Night,D53,0,0
2017,Night,D23,0,1
2017,Evening,D52,0,1
2017,Night,D32,0,1
2017,Evening,D54,0,0
2017,Evening,D42,0,0
2017,Evening,D42,0,1
2017,Night,D14,0,1
2017,Evening,D53,1,0
2017,Afternoon,D43,0,0
2017,Evening,D23,0,1
2017,Evening,D55,0,0
2017,Night,D13,0,0
2017,Morning,D41,0,0
2017,Evening,D31,0,0
2017,Evening,D11,0,1
2017,Evening,D23,0,1
2017,Evening,D31,0,0
2017,Evening,D54,0,0
2017,Morning,D42,0,0
2017,Night,D42,1,0
2017,Morning,D22,0,0
2017,Afternoon,D23,0,1
2017,Night,D31,0,0
2017,Evening,D54,1,0
2017,Morning,D14,0,0
2017,Afternoon,D43,0,0
2017,Night,D14,0,0
2017,Evening,D42,0,0
2017,Night,D31,0,1
2017,Night,D11,0,0
2017,Evening,D31,0,0
2017,Night,D32,0,1
2017,Afternoon,D31,0,0
2017,Evening,D31,0,0
2017,Night,D51,0,0
2017,Night,D31,0,0
2017,Evening,D31,0,2
2017,Afternoon,D11,0,1
2017,Evening,D51,0,1
2017,Afternoon,D14,0,1
2017,Night,D23,1,0
2017,Night,D55,0,1
2017,Night,D14,0,2
2017,Night,D42,0,1
2017,Evening,D23,0,0
2017,Evening,D11,0,0
2017,Evening,D54,0,1
2017,Evening,D42,0,2
2017,Evening,D42,1,0
2017,Evening,D55,1,0
2017,Afternoon,D41,0,0
2017,Evening,D22,0,0
2017,Night,D54,0,0
2017,Night,D14,0,0
2017,Evening,D31,0,0
2017,Evening,D43,0,1
2017,Night,D32,0,1
2017,Afternoon,D31,0,0
2017,Evening,D23,0,0
2017,Evening,D51,0,0
2017,Night,D31,0,0
2017,Evening,D31,0,0
2017,Evening,D23,0,0
2017,Evening,D13,1,0
2017,Evening,D41,0,1
2017,Night,D33,0,0
2017,Evening,D23,0,1
2017,Night,D42,0,0
2017,Evening,D31,0,0
2017,Evening,D11,0,1
2017,Night,D53,0,1
2017,Evening,D23,0,0
2017,Night,D13,0,1
2017,Night,D23,0,0
2017,Night,D11,0,0
2017,Evening,D31,0,0
2017,Evening,D54,0,0
2017,Evening,D31,0,0
2017,Afternoon,D41,0,2
2017,Night,D31,0,1
2017,Night,D14,0,1
2017,Evening,D41,0,1
2017,Evening,D31,0,0
2017,Afternoon,D12,0,0
2017,Afternoon,D23,0,0
2017,Evening,D12,0,0
2017,Evening,D33,0,3
2017,Afternoon,D11,0,0
2017,Evening,D23,0,1
2017,Afternoon,D31,0,0
2017,Evening,D22,0,0
2017,Evening,D54,0,0
2017,Afternoon,D43,0,0
2017,Evening,D55,1,0
2017,Evening,D14,0,0
2017,Evening,D42,0,1
2017,Night,D32,0,0
2017,Afternoon,D12,0,1
2017,Night,D23,0,0
2017,Afternoon,D23,0,0
2017,Morning,D31,0,1
2017,Night,D52,0,1
2017,Night,D13,0,0
2017,Night,D31,1,0
2017,Afternoon,D42,0,2
2017,Evening,D31,0,0
2017,Evening,D54,0,0
2017,Afternoon,D31,0,0
2017,Night,D53,0,1
2017,Night,D55,0,0
2017,Night,D23,0,1
2017,Evening,D41,0,0
2017,Evening,D43,0,1
2017,Evening,D12,0,0
2017,Night,D23,0,0
2017,Evening,D11,0,0
2017,Evening,D13,0,0
2017,Afternoon,D12,0,1
2017,Evening,D41,0,0
2017,Night,D31,0,0
2017,Morning,D12,0,1
2017,Night,D31,0,0
2017,Night,D14,0,0
2017,Morning,D31,0,1
2017,Evening,D41,0,0
2017,Night,D43,0,0
2017,Evening,D33,0,0
2017,Evening,D51,1,0
2017,Night,D55,0,0
2017,Morning,D22,0,1
2017,Evening,D13,0,1
2017,Night,D23,0,2
2017,Night,D43,0,0
2017,Afternoon,D33,0,1
2017,Night,D22,0,1
2017,Evening,D43,0,0
2017,Evening,D41,0,0
2017,Night,D31,0,1
2017,Evening,D31,0,0
2017,Morning,D43,0,0
2017,Night,D52,0,1
2017,Night,D41,0,0
2017,Night,D41,0,1
2017,Afternoon,D31,0,1
2017,Night,D43,0,0
2017,Night,D23,0,0
2017,Morning,D43,0,0
2017,Evening,D33,0,1
2017,Evening,D43,0,0
2017,Evening,D43,0,0
2017,Night,D54,0,1
2017,Night,D11,0,0
2017,Evening,D53,0,0
2017,Evening,D43,0,2
2017,Night,D52,0,0
2017,Night,D42,0,0
2017,Evening,D42,1,0
2017,Night,D42,2,1
2017,Night,D41,0,6
2017,Night,D51,0,0
2017,Night,D14,0,0
2017,Evening,D31,0,1
2017,Night,D13,0,0
2017,Night,D41,0,2
2017,Night,D31,0,0
2017,Night,D31,0,0
2017,Evening,D32,1,0
2017,Afternoon,D11,0,0
2017,Evening,D51,1,4
2017,Evening,D31,0,0
2017,Night,D13,1,0
2017,Night,D51,0,0
2017,Evening,D31,0,0
2017,Night,D43,0,0
2017,Evening,D23,0,1
2017,Evening,D23,0,0
2017,Afternoon,D42,0,0
2017,Night,D55,0,0
2017,Evening,D52,0,0
2017,Night,D31,0,1
2017,Morning,D43,0,0
2017,Afternoon,D12,0,1
2017,Night,D14,0,0
2017,Afternoon,D41,0,0
2017,Night,D14,0,1
2017,Morning,D42,0,0
2017,Night,D12,0,0
2017,Evening,D42,0,0
2017,Morning,D14,0,0
2017,Evening,D54,0,1
2017,Evening,D31,0,0
2017,Afternoon,D31,0,2
2017,Evening,D43,0,0
2017,Evening,D22,0,1
2017,Evening,D23,0,0
2017,Night,D52,0,2
2017,Evening,D41,0,0
2017,Afternoon,D22,0,0
2017,Night,D14,1,0
2017,Night,D12,0,0
2017,Evening,D13,0,0
2017,Afternoon,D51,0,0
2017,Night,D22,0,0
2017,Morning,D22,0,1
2017,Evening,D43,0,1
2017,Evening,D51,0,1
2017,Evening,D12,0,0
2017,Afternoon,D12,0,2
2017,Afternoon,D31,1,0
2017,Night,D23,0,0
2017,Afternoon,D13,0,2
2017,Evening,D23,1,0
2017,Evening,D43,0,0
2017,Evening,D12,0,0
2017,Afternoon,D31,0,2
2017,Night,D23,0,1
2017,Night,D51,0,1
2017,Evening,D14,0,1
2017,Night,D22,0,0
2017,Evening,D31,0,0
2017,Evening,D54,0,0
2017,Evening,D33,0,0
2017,Evening,D43,0,2
2017,Evening,D31,0,0
2017,Evening,D42,0,0
2017,Night,D12,0,0
2017,Evening,D53,0,0
2017,Evening,D11,0,1
2017,Afternoon,D41,0,1
2017,Night,D41,1,0
2017,Night,D14,0,0
2017,Evening,D12,0,1
2017,Evening,D31,0,0
2017,Night,D42,0,0
2017,Night,D51,1,1
2017,Evening,D52,1,0
2017,Afternoon,D32,0,0
2017,Night,D14,0,0
2017,Night,D51,0,1
2017,Night,D14,0,0
2017,Evening,D43,0,0
2017,Evening,D41,0,0
2017,Evening,D51,0,1
2017,Evening,D42,0,0
2017,Evening,D31,1,0
2017,Evening,D11,0,0
2017,Night,D51,2,0
2017,Afternoon,D41,0,1
2017,Evening,D54,0,0
2017,Afternoon,D23,1,0
2017,Evening,D51,0,0
2017,Night,D32,0,0
2017,Evening,D23,1,2
2017,Evening,D11,0,0
2017,Night,D31,0,0
2017,Night,D42,0,0
2017,Evening,D32,0,1
2017,Night,D14,0,0
2017,Evening,D31,1,0
2017,Evening,D23,0,0
2017,Evening,D14,0,0
2017,Night,D12,0,0
2017,Evening,D43,0,0
2017,Evening,D11,0,0
2017,Afternoon,D31,0,0
2017,Night,D22,0,0
2017,Night,D31,0,1
2017,Evening,D55,0,1
2017,Morning,D43,0,1
2017,Morning,D31,0,0
2017,Night,D41,0,0
2017,Afternoon,D12,0,0
2017,Evening,D41,0,0
2017,Evening,D12,0,0
2017,Evening,D54,0,0
2017,Night,D51,0,0
2017,Evening,D23,0,0
2017,Evening,D42,0,0
2017,Morning,D42,0,0
2017,Night,D43,0,0
2017,Night,D41,0,0
2017,Evening,D31,0,1
2017,Evening,D42,0,0
2017,Evening,D51,1,0
2017,Afternoon,D43,0,0
2017,Afternoon,D42,0,0
2017,Morning,D41,0,1
2017,Night,D32,0,0
2017,Night,D43,0,0
2017,Night,D51,0,0
2017,Evening,D52,0,0
2017,Night,D41,0,0
2017,Afternoon,D41,0,0
2017,Evening,D14,0,1
2017,Evening,D23,0,1
2017,Evening,D23,0,0
2017,Evening,D42,1,0
2017,Afternoon,D23,0,0
2017,Morning,D42,0,0
2017,Night,D42,0,0
2017,Evening,D13,0,0
2017,Night,D12,0,0
2017,Night,D23,0,1
2017,Evening,D31,0,0
2017,Night,D41,0,1
2017,Afternoon,D32,0,0
2017,Afternoon,D43,0,0
2017,Evening,D23,0,0
2017,Evening,D22,0,0
2017,Night,D13,0,1
2017,Night,D31,0,0
2017,Evening,D12,0,0
2017,Night,D51,0,0
2017,Morning,D55,0,0
2017,Afternoon,D12,0,1
2017,Night,D42,0,1
2017,Morning,D43,1,0
2017,Evening,D41,0,1
2017,Evening,D31,0,0
2017,Evening,D54,0,0
2017,Night,D42,0,0
2017,Night,D51,1,0
2017,Night,D13,0,0
2017,Night,D52,0,0
2017,Night,D43,0,0
2017,Evening,D23,0,3
2017,Night,D11,0,0
2017,Evening,D22,0,0
2017,Morning,D12,0,0
2017,Afternoon,D31,0,0
2017,Evening,D33,0,0
2017,Night,D54,0,0
2017,Evening,D54,0,1
2017,Evening,D42,0,0
2017,Morning,D42,0,0
2017,Night,D31,0,0
2017,Night,D33,0,0
2017,Night,D42,0,0
2017,Evening,D31,0,1
2017,Evening,D22,0,1
2017,Night,D13,0,0
2017,Night,D42,0,0
2017,Afternoon,D31,0,0
2018,Night,D54,0,0
2018,Night,D14,0,1
2018,Night,D41,0,0
2018,Night,D31,0,1
2018,Night,D51,0,1
2018,Night,D42,0,0
2018,Evening,D23,0,0
2018,Afternoon,D32,0,2
2018,Evening,D11,0,1
2018,Evening,D23,1,0
2018,Afternoon,D22,0,1
2018,Afternoon,D11,0,0
2018,Night,D14,0,2
2018,Night,D42,0,1
2018,Evening,D23,0,0
2018,Evening,D54,0,0
2018,Afternoon,D31,0,1
2018,Evening,D41,0,0
2018,Morning,D12,0,0
2018,Night,D22,2,2
2018,Afternoon,D31,0,0
2018,Evening,D51,0,0
2018,Evening,D51,0,0
2018,Night,D13,0,1
2018,Evening,D31,0,0
2018,Night,D54,0,1
2018,Afternoon,D31,0,0
2018,Evening,D22,0,1
2018,Night,D31,0,0
2018,Evening,D32,0,0
2018,Afternoon,D14,0,0
2018,Evening,D11,0,1
2018,Night,D32,0,1
2018,Night,D31,0,0
2018,Evening,D51,0,0
2018,Night,D31,0,0
2018,Evening,D55,0,0
2018,Evening,D33,1,0
2018,Evening,D31,0,0
2018,Evening,D43,0,1
2018,Night,D12,0,0
2018,Night,D12,0,0
2018,Morning,D23,0,1
2018,Night,D43,1,0
2018,Night,D23,0,1
2018,Night,D23,0,0
2018,Evening,D14,0,0
2018,Night,D51,0,0
2018,Afternoon,D52,0,0
2018,Night,D51,0,0
2018,Evening,D31,0,1
2018,Night,D12,0,0
2018,Evening,D14,0,0
2018,Evening,D52,0,1
2018,Night,D12,0,0
2018,Night,D51,0,0
2018,Evening,D14,0,0
2018,Night,D14,0,1
2018,Morning,D23,0,0
2018,Night,D51,0,0
2018,Evening,D23,0,0
2018,Evening,D31,1,0
2018,Night,D55,0,0
2018,Evening,D23,1,0
2018,Night,D41,0,0
2018,Evening,D42,0,1
2018,Evening,D54,0,1
2018,Evening,D23,1,0
2018,Evening,D32,2,0
2018,Evening,D23,0,0
2018,Morning,D52,0,1
2018,Night,D54,0,1
2018,Evening,D31,0,0
2018,Afternoon,D31,0,1
2018,Night,D23,0,0
2018,Afternoon,D23,0,0
2018,Night,D23,0,0
2018,Evening,D32,0,0
2018,Night,D54,0,0
2018,Night,D32,0,0
2018,Morning,D12,0,0
2018,Night,D23,0,1
2018,Night,D52,0,2
2018,Afternoon,D12,0,0
2018,Evening,D41,1,0
2018,Morning,D31,0,0
2018,Evening,D43,0,1
2018,Night,D42,0,0
2018,Evening,D42,0,1
2018,Night,D42,0,0
2018,Night,D31,0,1
2018,Night,D14,0,0
2018,Night,D22,0,1
2018,Night,D53,0,1
2018,Afternoon,D22,0,1
2018,Morning,D13,0,0
2018,Night,D51,0,1
2018,Evening,D23,0,0
2018,Night,D41,0,1
2018,Afternoon,D31,0,1
2018,Evening,D11,0,1
2018,Afternoon,D33,0,1
2018,Evening,D23,0,0
2018,Evening,D42,0,0
2018,Afternoon,D12,0,0
2018,Morning,D52,0,0
2018,Evening,D31,0,0
2018,Night,D41,0,0
2018,Evening,D23,0,0
2018,Night,D14,0,0
2018,Night,D42,0,0
2018,Night,D11,0,0
2018,Night,D55,0,0
2018,Night,D51,0,1
2018,Night,D31,0,1
2018,Night,D23,0,0
2018,Afternoon,D31,0,1
2018,Evening,D31,0,1
2018,Night,D52,0,0
2018,Afternoon,D12,0,0
2018,Evening,D51,0,0
2018,Evening,D12,0,0
2018,Morning,D22,1,0
2018,Evening,D11,0,1
2018,Afternoon,D51,0,0
2018,Night,D42,0,0
2018,Evening,D23,0,0
2018,Evening,D51,0,0
2018,Evening,D54,0,0
2018,Afternoon,D43,0,0
2018,Evening,D12,0,1
2018,Night,D12,0,1
2018,Afternoon,D31,0,0
2018,Night,D12,0,0
2018,Night,D53,0,0
2018,Evening,D43,0,0
2018,Night,D54,0,0
2018,Evening,D41,0,1
2018,Evening,D13,0,1
2018,Afternoon,D32,0,1
2018,Afternoon,D41,0,0
2018,Evening,D43,0,0
2018,Afternoon,D23,0,0
2018,Night,D12,0,0
2018,Afternoon,D23,0,0
2018,Evening,D52,1,0
2018,Night,D43,1,1
2018,Evening,D31,0,0
2018,Evening,D12,0,0
2018,Morning,D23,0,0
2018,Afternoon,D31,0,1
2018,Evening,D31,0,0
2018,Morning,D43,0,0
2018,Night,D42,0,0
2018,Night,D41,0,0
2018,Night,D51,0,1
2018,Evening,D42,0,0
2018,Evening,D42,0,0
2018,Evening,D54,0,0
2018,Afternoon,D41,0,0
2018,Afternoon,D54,0,0
2018,Evening,D51,0,2
2018,Evening,D42,0,0
2018,Evening,D14,0,1
2018,Evening,D53,1,0
2018,Evening,D32,0,1
2018,Night,D42,1,0
2018,Afternoon,D51,0,0
2018,Evening,D12,0,0
2018,Afternoon,D42,0,0
2018,Evening,D43,0,1
2018,Evening,D52,1,0
2018,Evening,D31,0,1
2018,Night,D12,0,0
2018,Morning,D51,0,0
2018,Night,D52,0,1
2018,Evening,D51,0,0
2018,Evening,D11,0,0
2018,Evening,D23,0,0
2018,Evening,D22,1,0
2018,Night,D41,0,1
2018,Morning,D13,0,0
2018,Night,D31,0,1
2018,Night,D42,0,0
2018,Evening,D41,0,0
2018,Evening,D51,0,0
2018,Afternoon,D42,0,2
2018,Night,D42,0,0
2018,Afternoon,D12,0,0
2018,Evening,D31,0,0
2018,Night,D14,0,0
2018,Night,D52,0,0
2018,Evening,D51,0,1
2018,Evening,D14,0,1
2018,Evening,D31,0,1
2018,Afternoon,D41,0,0
2018,Evening,D55,0,1
2018,Night,D23,2,0
2018,Night,D32,1,0
2018,Night,D51,1,0
2018,Evening,D12,0,1
2018,Night,D51,0,2
2018,Night,D14,0,0
2018,Night,D23,0,0
2018,Evening,D52,2,1
2018,Afternoon,D31,0,1
2018,Afternoon,D31,0,0
2018,Night,D31,0,0
2018,Evening,D14,1,3
2018,Evening,D43,0,0
2018,Night,D14,0,1
2018,Night,D31,0,0
2018,Evening,D23,0,0
2018,Night,D43,0,0
2018,Night,D31,1,0
2018,Night,D31,1,0
2018,Evening,D53,0,1
2018,Evening,D31,0,0
2018,Evening,D41,0,1
2018,Night,D12,0,0
2018,Night,D23,0,1
2018,Afternoon,D33,0,2
2018,Evening,D42,0,0
2018,Night,D33,0,0
2018,Evening,D53,0,0
2018,Evening,D13,0,1
2018,Night,D43,0,1
2018,Afternoon,D12,0,1
2018,Night,D55,2,13
2018,Night,D32,0,1
2018,Morning,D31,1,0
2018,Night,D41,0,0
2018,Night,D23,0,0
2018,Evening,D55,0,1
2018,Evening,D41,0,0
2018,Night,D23,0,0
2018,Evening,D11,0,0
2018,Night,D14,0,0
2018,Evening,D51,0,0
2018,Evening,D55,0,0
2018,Evening,D11,0,0
2018,Afternoon,D31,0,1
2018,Afternoon,D33,0,0
2018,Night,D42,0,0
2018,Evening,D33,0,1
2018,Afternoon,D33,0,2
2018,Night,D41,0,0
2018,Afternoon,D43,0,0
2018,Afternoon,D31,0,0
2018,Evening,D31,0,0
2018,Evening,D53,0,1
2018,Night,D31,0,3
2018,Afternoon,D12,0,0
2018,Evening,D51,0,1
2018,Afternoon,D23,0,1
2018,Afternoon,D12,0,0
2018,Evening,D23,1,0
2018,Evening,D43,0,0
2018,Evening,D11,0,1
2018,Night,D51,1,0
2018,Evening,D41,0,1
2018,Evening,D23,0,1
2018,Evening,D55,0,1
2018,Night,D42,0,0
2018,Night,D43,0,1
2018,Night,D43,0,0
2018,Morning,D12,1,0
2018,Night,D41,0,0
2018,Night,D55,1,0
2018,Night,D13,0,0
2018,Night,D41,0,1
2018,Night,D55,0,0
2018,Morning,D12,0,1
2018,Afternoon,D32,0,0
2018,Evening,D23,0,1
2018,Morning,D41,1,0
2018,Evening,D41,0,0
2018,Evening,D13,0,0
2018,Night,D13,0,1
2018,Evening,D23,0,0
2018,Night,D42,1,1
2018,Evening,D14,1,0
2018,Night,D23,0,0
2018,Afternoon,D43,0,1
2018,Evening,D22,0,0
2018,Evening,D41,0,1
2018,Morning,D23,0,0
2018,Evening,D42,0,1
2018,Afternoon,D12,1,0
2018,Evening,D31,0,0
2018,Afternoon,D22,0,1
2018,Morning,D41,0,1
2018,Evening,D55,0,1
2018,Evening,D43,1,0
2018,Evening,D32,0,0
2018,Night,D31,0,1
2018,Night,D43,0,0
2018,Evening,D12,0,0
2018,Evening,D12,0,0
2018,Night,D31,0,0
2018,Morning,D12,0,0
2018,Night,D13,0,0
2018,Evening,D42,1,0
2018,Evening,D51,0,0
2018,Morning,D31,0,0
2018,Night,D12,0,1
2018,Evening,D31,0,1
2018,Night,D33,0,0
2018,Afternoon,D31,0,1
2018,Evening,D33,1,1
2018,Morning,D23,0,2
2018,Afternoon,D51,1,0
2018,Evening,D33,0,0
2018,Evening,D31,0,0
2018,Evening,D32,0,0
2018,Evening,D22,0,0
2018,Evening,D31,1,0
2018,Night,D43,0,0
2018,Afternoon,D42,1,0
2018,Evening,D42,0,0
2018,Night,D23,0,0
2018,Evening,D52,0,1
2018,Night,D14,0,0
2018,Night,D13,0,1
2018,Afternoon,D31,1,0
2018,Night,D51,0,0
2018,Night,D32,0,0
2018,Night,D52,0,0
2018,Evening,D33,0,0
2018,Afternoon,D13,0,0
2018,Evening,D23,0,0
2018,Evening,D31,0,0
2018,Evening,D23,0,0
2018,Evening,D12,0,0
2018,Night,D42,0,1
2018,Evening,D31,0,0
2018,Night,D22,0,0
2018,Evening,D11,0,1
2018,Evening,D43,0,1
2018,Night,D14,0,0
2018,Night,D42,0,0
2018,Evening,D33,0,0
2018,Evening,D55,0,0
2018,Evening,D23,0,2
2018,Evening,D42,0,0
2018,Evening,D32,0,0
2018,Night,D14,0,1
2018,Night,D55,0,1
2018,Evening,D51,0,1
2018,Night,D12,0,1
2018,Afternoon,D23,0,1
2018,Afternoon,D13,0,1
2018,Evening,D12,0,0
2018,Afternoon,D23,0,1
2018,Evening,D53,0,0
2018,Night,D31,0,0
2018,Night,D31,0,0
2018,Evening,D31,0,0
2018,Night,D31,0,0
2018,Evening,D43,0,0
2018,Night,D31,1,0
2018,Evening,D32,0,0
2018,Night,D14,0,1
2018,Evening,D23,0,0
2018,Afternoon,D43,1,0
2018,Night,D14,0,0
2018,Evening,D31,0,1
2018,Evening,D23,0,0
2018,Evening,D32,0,0
2018,Night,D31,0,0
2018,Evening,D55,0,0
2018,Night,D32,0,1
2018,Evening,D13,0,1
2018,Evening,D32,0,0
2018,Evening,D31,0,1
2018,Night,D43,0,0
2018,Night,D41,0,0
2018,Morning,D55,0,0
2018,Evening,D12,0,0
2018,Night,D14,0,1
2018,Night,D31,0,0
2018,Night,D31,0,1
2018,Afternoon,D32,0,0
2018,Evening,D43,0,0
2018,Evening,D51,0,0
2018,Night,D41,0,0
2018,Night,D43,0,0
2018,Evening,D55,0,1
2018,Evening,D43,0,1
2018,Evening,D14,0,0
2018,Evening,D41,0,1
2018,Evening,D23,1,0
2018,Night,D43,0,0
2018,Evening,D53,0,1
2018,Night,D53,0,0
2018,Night,D52,0,1
2018,Evening,D43,0,1
2018,Night,D22,0,0
2018,Evening,D12,0,1
2018,Morning,D13,0,1
2018,Morning,D31,1,0
2018,Afternoon,D31,0,1
2018,Night,D42,0,1
2018,Evening,D41,0,0
2018,Night,D11,0,0
2018,Night,D14,1,1
2018,Afternoon,D31,0,0
2018,Evening,D43,0,0
2018,Morning,D14,0,0
2018,Morning,D32,0,0
2018,Evening,D23,1,2
2018,Night,D32,0,1
2018,Night,D32,0,1
2018,Night,D23,0,1
2018,Evening,D22,0,0
2018,Night,D22,0,0
2018,Evening,D42,0,1
2018,Night,D41,0,0
2018,Night,D41,0,0
2018,Morning,D31,0,1
2018,Evening,D42,0,0
2018,Evening,D13,0,0
2018,Evening,D31,0,1
2018,Morning,D13,0,0
2018,Night,D14,0,1
2018,Afternoon,D31,0,1
2018,Evening,D12,0,0
2019,Night,D13,0,1
2019,Evening,D42,0,1
2019,Evening,D41,0,0
2019,Night,D55,0,1
2019,Night,D33,0,0
2019,Evening,D42,0,0
2019,Afternoon,D32,0,1
2019,Evening,D42,0,1
2019,Afternoon,D55,0,2
2019,Evening,D13,0,0
2019,Evening,D23,1,0
2019,Afternoon,D23,0,0
2019,Evening,D14,0,1
2019,Night,D33,0,1
2019,Night,D41,1,0
2019,Night,D31,0,1
2019,Afternoon,D51,0,1
2019,Afternoon,D51,0,1
2019,Morning,D13,0,1
2019,Evening,D22,0,0
2019,Evening,D11,0,0
2019,Night,D22,0,0
2019,Evening,D31,0,0
2019,Night,D12,0,0
2019,Evening,D32,0,0
2019,Evening,D33,0,0
2019,Afternoon,D31,0,0
2019,Night,D51,1,0
2019,Morning,D22,1,0
2019,Evening,D23,0,2
2019,Afternoon,D42,0,1
2019,Evening,D32,0,0
2019,Evening,D13,0,1
2019,Afternoon,D43,1,0
2019,Night,D51,0,1
2019,Evening,D23,1,0
2019,Night,D43,0,0
2019,Night,D55,0,1
2019,Afternoon,D22,0,0
2019,Morning,D13,0,2
2019,Afternoon,D23,1,1
2019,Night,D23,0,0
2019,Night,D31,0,0
2019,Evening,D12,0,1
2019,Evening,D32,0,1
2019,Night,D41,0,0
2019,Afternoon,D22,0,0
2019,Night,D13,0,0
2019,Night,D53,1,0
2019,Night,D12,0,0
2019,Morning,D31,0,0
2019,Evening,D31,0,0
2019,Evening,D41,0,0
2019,Evening,D31,1,0
2019,Night,D11,0,1
2019,Evening,D55,0,0
2019,Evening,D31,0,0
2019,Afternoon,D32,0,0
2019,Evening,D42,0,1
2019,Night,D12,0,3
2019,Afternoon,D11,1,0
2019,Afternoon,D32,0,1
2019,Afternoon,D22,0,0
2019,Evening,D42,0,1
2019,Night,D13,0,0
2019,Evening,D43,0,0
2019,Evening,D32,0,1
2019,Afternoon,D14,0,1
2019,Evening,D31,0,0
2019,Night,D33,0,0
2019,Night,D51,0,1
2019,Evening,D43,0,0
2019,Evening,D31,0,0
2019,Evening,D31,0,0
2019,Evening,D43,0,1
2019,Morning,D41,0,0
2019,Evening,D43,0,0
2019,Evening,D23,0,0
2019,Evening,D23,0,0
2019,Afternoon,D32,0,1
2019,Night,D43,0,1
2019,Afternoon,D42,0,0
2019,Afternoon,D43,0,0
2019,Afternoon,D55,0,0
2019,Evening,D12,0,2
2019,Night,D13,0,1
2019,Evening,D42,0,1
2019,Night,D32,0,0
2019,Afternoon,D31,0,1
2019,Afternoon,D55,0,0
2019,Afternoon,D14,0,0
2019,Morning,D12,0,0
2019,Evening,D31,0,0
2019,Evening,D11,0,1
2019,Evening,D22,0,1
2019,Night,D14,0,1
2019,Night,D55,0,0
2019,Night,D53,0,0
2019,Night,D31,0,0
2019,Night,D43,0,0
2019,Evening,D31,0,1
2019,Night,D31,0,1
2019,Evening,D12,0,1
2019,Evening,D23,0,1
2019,Morning,D32,0,0
2019,Afternoon,D31,0,0
2019,Night,D13,1,0
2019,Evening,D42,0,0
2019,Afternoon,D12,0,0
2019,Morning,D11,0,0
2019,Night,D22,0,1
2019,Evening,D43,1,0
2019,Evening,D23,0,0
2019,Evening,D55,0,1
2019,Afternoon,D23,1,0
2019,Night,D31,1,0
2019,Evening,D23,0,1
2019,Evening,D51,0,1
2019,Night,D23,0,0
2019,Night,D43,0,1
2019,Afternoon,D31,0,0
2019,Evening,D23,0,2
2019,Night,D43,0,0
2019,Morning,D12,0,0
2019,Evening,D43,0,0
2019,Evening,D51,0,1
2019,Night,D51,0,1
2019,Night,D33,0,0
2019,Night,D41,0,0
2019,Afternoon,D23,0,1
2019,Night,D23,0,0
2019,Evening,D12,0,1
2019,Night,D32,0,0
2019,Evening,D43,0,0
2019,Night,D23,0,1
2019,Evening,D22,0,0
2019,Afternoon,D22,0,0
2019,Afternoon,D42,0,1
2019,Morning,D12,0,0
2019,Evening,D12,0,2
2019,Night,D23,0,1
2019,Evening,D43,0,0
2019,Morning,D12,0,0
2019,Night,D43,0,0
2019,Night,D31,0,1
2019,Night,D31,0,0
2019,Evening,D11,0,1
2019,Morning,D22,0,1
2019,Night,D55,0,0
2019,Afternoon,D33,0,0
2019,Night,D23,0,1
2019,Evening,D43,0,0
2019,Night,D52,0,1
2019,Night,D22,0,2
2019,Night,D11,0,0
2019,Evening,D12,0,0
2019,Evening,D31,0,0
2019,Evening,D31,0,1
2019,Morning,D55,0,0
2019,Night,D51,0,1
2019,Evening,D14,0,0
2019,Night,D51,0,0
2019,Night,D23,0,0
2019,Morning,D12,0,0
2019,Afternoon,D31,0,0
2019,Afternoon,D22,0,1
2019,Afternoon,D52,0,5
2019,Evening,D23,0,3
2019,Evening,D23,0,0
2019,Afternoon,D42,0,1
2019,Night,D52,0,0
2019,Evening,D12,0,0
2019,Evening,D14,0,0
2019,Morning,D12,0,0
2019,Evening,D32,0,0
2019,Evening,D43,1,0
2019,Night,D52,0,0
2019,Evening,D43,0,0
2019,Night,D12,2,1
2019,Night,D52,1,0
2019,Afternoon,D33,0,1
2019,Night,D14,0,0
2019,Evening,D12,0,1
2019,Night,D12,0,0
2019,Morning,D12,0,0
2019,Evening,D43,0,1
2019,Night,D55,0,0
2019,Night,D55,0,0
2019,Afternoon,D55,0,0
2019,Evening,D32,0,1
2019,Night,D14,0,3
2019,Night,D13,0,0
2019,Night,D55,0,0
2019,Evening,D12,0,0
2019,Night,D55,0,0
2019,Evening,D32,0,0
2019,Evening,D23,0,1
2019,Night,D42,0,0
2019,Night,D33,0,0
2019,Afternoon,D23,0,0
2019,Morning,D42,0,1
2019,Afternoon,D23,0,0
2019,Evening,D43,0,1
2019,Evening,D12,0,1
2019,Night,D14,0,2
2019,Night,D31,0,0
2019,Afternoon,D32,0,0
2019,Evening,D23,0,0
2019,Evening,D13,0,0
2019,Night,D33,0,0
2019,Evening,D51,0,0
2019,Night,D53,0,0
2019,Night,D12,0,0
2019,Afternoon,D42,0,1
2019,Night,D53,0,0
2019,Night,D55,0,1
2019,Evening,D51,0,0
2019,Night,D41,0,0
2019,Night,D13,0,1
2019,Night,D23,0,0
2019,Evening,D55,0,0
2019,Evening,D13,0,0
2019,Evening,D13,0,2
2019,Evening,D31,0,0
2019,Evening,D32,0,0
2019,Evening,D32,0,0
2019,Night,D43,0,1
2019,Evening,D12,0,0
2019,Evening,D12,0,0
2019,Night,D13,0,0
2019,Night,D32,0,0
2019,Night,D23,0,0
2019,Evening,D32,0,0
2019,Night,D31,0,0
2019,Evening,D42,0,0
2019,Night,D32,0,0
2019,Night,D52,0,0
2019,Night,D12,1,0
2019,Evening,D23,0,0
2019,Night,D13,0,0
2019,Night,D31,0,1
2019,Afternoon,D32,0,2
2019,Night,D14,0,0
2019,Morning,D31,0,0
2019,Morning,D33,0,1
2019,Afternoon,D14,0,1
2019,Evening,D32,0,2
2019,Morning,D31,0,4
2019,Night,D53,0,0
2019,Evening,D23,0,1
2019,Night,D13,0,0
2019,Night,D51,0,2
2019,Evening,D43,0,1
2019,Night,D31,0,0
2019,Night,D12,0,2
2019,Afternoon,D55,0,2
2019,Evening,D22,0,1
2019,Evening,D32,0,0
2019,Evening,D23,0,0
2019,Night,D43,0,1
2019,Afternoon,D55,1,1
2019,Night,D43,0,1
2019,Evening,D43,0,0
2019,Night,D23,0,1
2019,Night,D31,0,1
2019,Afternoon,D31,0,0
2019,Night,D55,0,1
2019,Afternoon,D32,0,1
2019,Afternoon,D42,0,0
2019,Evening,D51,0,0
2019,Evening,D31,0,0
2019,Afternoon,D42,0,1
2019,Afternoon,D11,1,0
2019,Afternoon,D55,0,1
2019,Morning,D41,0,0
2019,Afternoon,D23,0,1
2019,Evening,D23,0,2
2019,Evening,D12,1,0
2019,Evening,D41,0,0
2019,Afternoon,D41,0,0
2019,Evening,D13,0,0
2019,Evening,D33,0,0
2019,Evening,D42,0,0
2019,Evening,D12,1,0
2019,Evening,D41,0,0
2019,Afternoon,D13,0,0
2019,Night,D13,0,4
2019,Evening,D33,0,0
2019,Night,D31,1,0
2019,Afternoon,D33,0,2
2019,Afternoon,D31,0,0
2019,Night,D53,0,0
2019,Evening,D42,0,0
2019,Afternoon,D55,0,0
2019,Evening,D42,0,0
2019,Night,D31,0,0
2019,Afternoon,D41,0,0
2019,Evening,D12,0,1
2019,Night,D23,0,0
2019,Evening,D12,0,1
2019,Morning,D31,0,0
2019,Night,D41,0,0
2019,Evening,D31,0,0
2019,Evening,D33,0,0
2019,Evening,D33,0,0
2019,Evening,D32,0,0
2019,Evening,D23,0,1
2019,Evening,D41,0,1
2019,Night,D12,0,0
2019,Afternoon,D31,0,0
2019,Morning,D43,0,1
2019,Afternoon,D23,0,1
2019,Evening,D22,0,0
2019,Afternoon,D53,0,0
2019,Evening,D42,0,1
2019,Evening,D41,0,0
2019,Evening,D13,1,0
2019,Afternoon,D23,0,1
2019,Evening,D51,0,0
2019,Evening,D31,0,2
2019,Evening,D23,0,0
2019,Evening,D23,0,0
2019,Afternoon,D23,0,1
2019,Night,D23,0,0
2019,Afternoon,D23,0,1
2019,Evening,D51,0,1
2019,Evening,D52,0,0
2019,Evening,D42,1,1
2019,Night,D11,0,0
2019,Afternoon,D12,0,0
2019,Morning,D43,0,0
2019,Night,D11,0,0
2019,Evening,D41,0,0
2019,Morning,D33,0,0
2019,Afternoon,D22,1,0
2019,Evening,D42,0,0
2019,Evening,D31,0,0
2019,Evening,D23,0,0
2019,Evening,D55,0,1
2019,Afternoon,D22,0,0
2019,Night,D33,0,0
2019,Night,D23,0,1
2019,Evening,D23,1,0
2019,Night,D14,0,2
2019,Night,D41,0,3
2019,Evening,D42,0,1
2019,Night,D55,0,0
2019,Night,D41,0,1
2019,Evening,D22,0,0
2019,Evening,D31,0,0
2019,Evening,D31,2,0
2019,Evening,D31,0,1
2019,Evening,D31,0,0
2019,Evening,D23,0,1
2019,Evening,D55,0,0
2019,Night,D11,0,0
2019,Evening,D51,0,0
2019,Night,D13,0,0
2019,Afternoon,D23,0,1
2019,Evening,D11,0,1
2019,Afternoon,D12,0,1
2019,Night,D43,0,0
2019,Afternoon,D42,0,0
2019,Night,D55,0,0
2019,Morning,D31,0,0
2019,Evening,D42,0,0
2019,Evening,D41,0,1
2019,Evening,D51,0,1
2019,Night,D55,0,0
2019,Evening,D32,0,2
2019,Evening,D43,0,1
2019,Night,D13,0,2
2019,Night,D14,0,1
2019,Night,D23,1,0
2019,Night,D52,0,1
2019,Evening,D32,0,0
2019,Evening,D33,1,0
2019,Night,D53,0,0
2019,Evening,D23,0,1
2019,Afternoon,D13,0,3
2019,Evening,D11,1,0
2019,Night,D23,0,1
2019,Night,D55,0,0
2019,Evening,D42,0,1
2019,Afternoon,D12,0,1
2019,Night,D12,0,0
2019,Evening,D31,0,0
2019,Evening,D23,0,1
2019,Night,D31,0,0
2019,Evening,D13,0,1
2019,Evening,D33,0,0
2019,Afternoon,D41,0,0
2019,Night,D22,0,1
2019,Evening,D31,0,1
2019,Night,D32,0,0
2019,Evening,D12,0,1
2019,Night,D23,0,0
2019,Night,D53,0,2
2019,Night,D52,0,0
2019,Night,D12,0,2
2019,Evening,D31,0,0
2019,Evening,D12,0,5
2019,Night,D22,0,1
2019,Evening,D55,0,2
2019,Morning,D12,0,1
2019,Evening,D33,0,2
2019,Night,D55,0,1
2019,Afternoon,D55,0,0
2019,Evening,D43,0,1
2019,Afternoon,D42,0,0
2019,Evening,D12,0,0
2019,Afternoon,D32,0,0
2019,Afternoon,D22,1,0
2019,Night,D55,1,0
2019,Night,D43,0,0
2019,Night,D23,0,0
2019,Evening,D23,0,1
2019,Evening,D31,0,0
2019,Evening,D43,0,0
2019,Evening,D32,0,1
2019,Night,D55,0,0
2019,Night,D55,0,1
2019,Night,D12,1,1
2019,Night,D11,0,0
2019,Night,D31,0,1
2019,Evening,D43,0,1
2019,Evening,D55,0,0
2019,Night,D22,0,0
2019,Evening,D12,0,0
2019,Evening,D14,0,0
2019,Afternoon,D12,0,1
2019,Night,D12,0,0
2019,Evening,D55,0,0
2019,Morning,D32,0,2
2019,Afternoon,D31,0,0
2019,Afternoon,D11,0,0
2019,Evening,D41,0,0
2019,Night,D13,1,0
2019,Afternoon,D53,0,1
2019,Evening,D41,0,0
2019,Evening,D42,0,1
2019,Night,D53,0,1
2019,Morning,D23,0,0
2019,Night,D43,0,1
2019,Afternoon,D43,1,0
2019,Night,D14,0,1
2019,Evening,D43,0,0
2019,Evening,D43,0,0
2019,Evening,D31,0,0
2019,Evening,D42,0,0
2019,Evening,D31,0,0
2019,Evening,D32,0,0
2019,Night,D14,0,0
2019,Evening,D32,0,0
2019,Morning,D31,0,1
2019,Evening,D23,0,1
2019,Evening,D31,1,2
2019,Evening,D23,0,1
2019,Evening,D31,0,0
2019,Evening,D33,1,0
2019,Evening,D31,0,1
2019,Night,D55,0,0
2019,Evening,D55,0,1
2019,Night,D32,0,0
2019,Night,D55,0,0
2019,Night,D31,1,0
2019,Evening,D31,0,1
2019,Morning,D42,0,0
2019,Evening,D33,0,0
2019,Evening,D43,0,1
2019,Evening,D42,0,0
2019,Evening,D53,0,2
2019,Evening,D55,0,0
2019,Evening,D23,0,0
2019,Night,D23,0,0
2019,Afternoon,D31,0,1
2019,Night,D53,0,1
2019,Night,D42,0,0
2019,Night,D32,0,1
2019,Night,D32,0,0
2019,Night,D51,0,1
2019,Evening,D13,0,1
2019,Night,D22,1,0
2019,Night,D23,0,0
2019,Night,D42,0,0
2019,Night,D43,1,0
2019,Afternoon,D55,0,0
2019,Night,D12,0,0
2019,Night,D41,0,0
2019,Night,D32,0,0
2019,Night,D31,0,2
2019,Evening,D42,1,0
2020,Evening,D51,1,1
2020,Evening,D32,0,0
2020,Night,D23,0,0
2020,Evening,D12,0,0
2020,Afternoon,D32,0,1
2020,Evening,D43,0,0
2020,Evening,D42,0,0
2020,Evening,D31,0,0
2020,Evening,D31,0,0
2020,Night,D43,1,0
2020,Night,D23,0,0
2020,Morning,D42,0,0
2020,Night,D11,0,1
2020,Night,D53,0,0
2020,Night,D53,0,0
2020,Night,D13,0,0
2020,Night,D43,0,1
2020,Afternoon,D43,1,0
2020,Evening,D31,0,1
2020,Evening,D42,0,0
2020,Evening,D32,0,0
2020,Evening,D43,0,0
2020,Evening,D43,1,2
2020,Night,D31,0,0
2020,Night,D32,0,1
2020,Night,D31,0,2
2020,Night,D43,0,0
2020,Morning,D52,0,0
2020,Evening,D14,2,1
2020,Night,D31,0,0
2020,Night,D32,0,0
2020,Morning,D52,0,0
2020,Afternoon,D31,0,0
2020,Night,D13,0,0
2020,Evening,D22,0,0
2020,Evening,D33,0,0
2020,Evening,D23,0,0
2020,Afternoon,D43,0,0
2020,Night,D14,0,1
2020,Night,D55,1,0
2020,Evening,D22,1,0
2020,Night,D41,0,0
2020,Evening,D12,0,0
2020,Night,D11,0,0
2020,Evening,D41,0,0
2020,Afternoon,D52,0,1
2020,Night,D43,0,1
2020,Night,D52,0,0
2020,Afternoon,D53,0,0
2020,Night,D22,0,0
2020,Evening,D55,0,0
2020,Night,D23,0,1
2020,Evening,D23,0,0
2020,Evening,D33,0,0
2020,Evening,D42,0,1
2020,Afternoon,D55,0,1
2020,Evening,D33,0,0
2020,Evening,D32,0,0
2020,Night,D42,0,0
2020,Evening,D41,0,1
2020,Night,D32,0,0
2020,Evening,D23,0,0
2020,Evening,D55,0,0
2020,Afternoon,D43,0,0
2020,Afternoon,D42,0,0
2020,Night,D51,0,0
2020,Night,D14,0,1
2020,Afternoon,D13,0,0
2020,Evening,D22,0,1
2020,Evening,D33,0,1
2020,Afternoon,D13,0,1
2020,Evening,D55,0,0
2020,Night,D22,0,0
2020,Evening,D31,0,1
2020,Evening,D55,0,1
2020,Morning,D55,0,0
2020,Night,D22,0,0
2020,Night,D13,0,1
2020,Night,D42,0,1
2020,Evening,D31,0,0
2020,Night,D23,0,1
2020,Night,D12,0,1
2020,Morning,D42,1,1
2020,Evening,D42,0,0
2020,Night,D42,0,1
2020,Night,D33,0,1
2020,Evening,D13,0,1
2020,Evening,D55,0,0
2020,Evening,D51,0,1
2020,Afternoon,D31,0,1
2020,Evening,D41,0,0
2020,Afternoon,D41,1,0
2020,Afternoon,D22,0,0
2020,Evening,D51,1,0
2020,Evening,D23,0,0
2020,Night,D31,0,0
2020,Evening,D22,0,1
2020,Evening,D22,0,0
2020,Evening,D31,0,0
2020,Evening,D55,0,0
2020,Afternoon,D41,0,0
2020,Evening,D43,0,0
2020,Evening,D41,0,1
2020,Night,D55,0,0
2020,Afternoon,D14,0,0
2020,Afternoon,D31,0,1
2020,Morning,D42,0,1
2020,Night,D43,0,0
2020,Evening,D51,0,0
2020,Evening,D43,0,1
2020,Afternoon,D33,0,0
2020,Evening,D32,0,1
2020,Afternoon,D32,0,1
2020,Afternoon,D31,0,0
2020,Evening,D53,1,0
2020,Evening,D53,0,0
2020,Evening,D13,1,0
2020,Evening,D32,0,0
2020,Evening,D32,0,1
2020,Evening,D14,0,0
2020,Evening,D23,0,0
2020,Night,D51,0,1
2020,Afternoon,D12,0,0
2020,Evening,D31,0,0
2020,Afternoon,D22,0,0
2020,Evening,D32,0,0
2020,Night,D31,0,0
2020,Night,D23,0,1
2020,Night,D43,0,0
2020,Evening,D42,0,1
2020,Evening,D42,0,1
2020,Afternoon,D31,0,0
2020,Night,D32,0,0
2020,Night,D43,0,0
2020,Afternoon,D31,1,0
2020,Evening,D55,0,1
2020,Evening,D23,0,0
2020,Afternoon,D23,0,0
2020,Evening,D41,1,0
2020,Night,D22,0,0
2020,Evening,D32,0,0
2020,Night,D31,0,0
2020,Night,D41,0,0
2020,Evening,D23,0,1
2020,Afternoon,D41,0,0
2020,Morning,D55,0,0
2020,Evening,D23,1,0
2020,Morning,D31,0,0
2020,Night,D43,0,0
2020,Night,D41,0,0
2020,Evening,D42,1,1
2020,Evening,D31,0,1
2020,Night,D22,0,1
2020,Evening,D31,0,2
2020,Evening,D53,0,1
2020,Evening,D55,0,0
2020,Evening,D55,0,0
2020,Evening,D41,0,1
2020,Evening,D41,0,0
2020,Evening,D31,0,0
2020,Night,D13,0,0
2020,Afternoon,D53,0,2
2020,Evening,D32,0,0
2020,Evening,D51,0,0
2020,Afternoon,D41,0,1
2020,Evening,D55,0,0
2020,Evening,D31,0,0
2020,Evening,D41,0,0
2020,Evening,D42,0,1
2020,Afternoon,D52,1,2
2020,Evening,D31,0,0
2020,Afternoon,D14,0,0
2020,Afternoon,D55,0,1
2020,Night,D12,0,0
2020,Afternoon,D31,0,0
2020,Evening,D31,0,1
2020,Night,D31,0,0
2020,Night,D23,1,0
2020,Evening,D42,0,0
2020,Evening,D42,0,1
2020,Night,D31,0,0
2020,Afternoon,D55,0,0
2020,Evening,D41,0,0
2020,Night,D13,0,0
2020,Night,D42,0,0
2020,Night,D23,0,0
2020,Evening,D43,0,0
2020,Evening,D53,1,1
2020,Evening,D31,0,2
2020,Evening,D42,0,1
2020,Evening,D43,0,0
2020,Night,D32,0,0
2020,Evening,D32,0,0
2020,Night,D23,0,0
2020,Morning,D52,0,0
2020,Evening,D43,0,0
2020,Evening,D33,0,1
2020,Evening,D13,0,0
2020,Night,D14,0,0
2020,Afternoon,D31,0,0
2020,Evening,D51,1,0
2020,Morning,D13,1,0
2020,Night,D52,0,0
2020,Night,D42,0,1
2020,Morning,D42,0,0
2020,Evening,D32,0,0
2020,Night,D31,0,0
2020,Night,D55,0,1
2020,Morning,D31,0,0
2020,Evening,D43,0,0
2020,Evening,D31,0,0
2020,Evening,D22,0,0
2020,Morning,D13,0,0
2020,Evening,D12,0,0
2020,Evening,D31,0,1
2020,Night,D22,0,0
2020,Night,D51,0,0
2020,Evening,D14,0,1
2020,Afternoon,D42,1,0
2020,Night,D42,0,0
2020,Night,D42,0,0
2020,Night,D31,0,0
2020,Night,D32,0,1
2020,Night,D32,0,0
2020,Afternoon,D13,0,0
2020,Afternoon,D43,1,0
2020,Afternoon,D55,0,0
2020,Evening,D12,1,4
2020,Evening,D55,0,0
2020,Evening,D23,0,0
2020,Night,D33,0,0
2020,Afternoon,D43,0,0
2020,Evening,D22,0,2
2020,Night,D55,0,0
2020,Night,D11,0,1
2020,Evening,D31,0,3
2020,Night,D32,0,0
2020,Night,D41,0,0
2020,Evening,D55,0,0
2020,Afternoon,D12,0,0
2020,Night,D53,0,1
2020,Night,D33,0,0
2020,Evening,D13,0,0
2020,Night,D32,0,0
2020,Night,D11,0,0
2020,Morning,D42,0,1
2020,Night,D32,0,1
2020,Morning,D42,0,1
2020,Evening,D12,0,1
2020,Night,D14,0,0
2020,Evening,D32,0,0
2020,Afternoon,D53,0,0
2020,Evening,D31,0,1
2020,Evening,D23,0,0
2020,Evening,D52,0,1
2020,Night,D22,0,0
2020,Morning,D43,0,0
2020,Night,D55,0,2
2020,Evening,D51,0,1
2020,Night,D51,0,1
2020,Evening,D31,0,1
2020,Night,D43,0,0
2020,Afternoon,D41,0,1
2020,Afternoon,D12,0,0
2020,Evening,D12,0,1
2020,Evening,D32,0,0
2020,Evening,D13,0,0
2020,Afternoon,D51,0,0
2020,Morning,D32,0,0
2020,Evening,D43,0,0
2020,Night,D43,0,0
2020,Morning,D31,0,0
2020,Morning,D22,0,1
2020,Evening,D41,0,0
2020,Morning,D12,0,0
2020,Night,D31,0,0
2020,Night,D14,0,0
2020,Afternoon,D14,0,1
2020,Evening,D41,0,0
2020,Evening,D31,0,0
2020,Evening,D13,0,1
2020,Morning,D52,0,0
2020,Night,D51,0,0
2020,Afternoon,D23,0,0
2020,Evening,D14,0,0
2020,Evening,D51,0,0
2020,Morning,D23,0,1
2020,Night,D43,1,0
2020,Morning,D42,0,2
2020,Night,D13,0,0
2020,Night,D12,0,0
2020,Evening,D32,0,1
2020,Evening,D31,0,0
2020,Night,D51,0,0
2020,Night,D43,0,0
2020,Evening,D31,0,1
2020,Morning,D32,0,0
2020,Night,D12,0,1
2020,Night,D41,0,1
2020,Night,D33,0,0
2020,Evening,D23,0,0
2020,Evening,D52,0,0
2020,Night,D12,0,0
2020,Night,D43,0,0
2020,Evening,D23,0,2
2020,Evening,D23,0,1
2020,Evening,D31,0,3
2020,Night,D51,0,1
2020,Night,D12,0,1
2020,Morning,D41,0,0
2020,Evening,D32,1,0
2020,Evening,D31,0,0
2020,Night,D41,0,0
2020,Night,D43,0,1
2020,Night,D52,0,0
2020,Evening,D42,0,0
2020,Night,D22,0,0
2020,Evening,D42,0,0
2020,Afternoon,D22,0,0
2020,Evening,D43,0,0
2020,Night,D43,0,0
2020,Evening,D22,0,0
2020,Afternoon,D43,0,1
2020,Evening,D31,0,0
2020,Night,D55,0,1
2020,Evening,D33,0,0
2020,Evening,D55,0,0
2020,Evening,D31,0,1
2020,Evening,D43,0,2
2020,Night,D31,0,0
2020,Evening,D55,0,3
2020,Afternoon,D31,0,2
2020,Afternoon,D31,0,1
2020,Evening,D14,0,1
2020,Morning,D43,0,1
2020,Evening,D32,0,1
2020,Evening,D23,0,0
2020,Night,D13,0,6
2020,Night,D43,0,0
2020,Night,D31,1,0
2020,Night,D11,0,0
2020,Night,D32,0,0
2020,Night,D33,0,0
2020,Night,D31,0,0
2020,Night,D31,0,1
2020,Night,D43,0,0
2020,Night,D32,0,0
2020,Night,D31,0,0
2020,Night,D22,0,1
2020,Evening,D11,0,0
2020,Night,D42,0,0
2020,Evening,D23,0,0
2020,Night,D42,0,0
2020,Evening,D32,0,2
2020,Afternoon,D11,1,0
2020,Evening,D31,0,0
2020,Night,D31,0,0
2020,Evening,D31,0,1
2020,Evening,D11,0,0
2020,Night,D12,0,0
2020,Night,D42,0,0
2020,Evening,D42,1,0
2020,Evening,D31,0,0
2020,Evening,D23,0,0
2020,Night,D42,0,0
2020,Evening,D31,0,1
2020,Evening,D43,0,0
2020,Evening,D23,0,0
2020,Evening,D43,0,1
2020,Evening,D31,0,0
2020,Evening,D31,1,1
2020,Evening,D31,0,1
2020,Night,D31,0,0
2020,Evening,D32,0,0
2020,Evening,D32,0,0
2020,Evening,D31,0,2
2020,Evening,D32,0,1
2020,Night,D55,0,1
2020,Evening,D23,1,1
2020,Evening,D31,1,0
2020,Night,D32,0,0
2020,Evening,D31,0,0
2020,Night,D41,0,0
2020,Evening,D31,0,0
2020,Evening,D51,0,0
2020,Evening,D41,0,1
2020,Evening,D41,0,0
2020,Morning,D12,1,0
2020,Night,D43,0,0
2020,Morning,D31,1,2
2020,Afternoon,D32,0,1
2020,Evening,D43,0,0
2020,Night,D55,0,0
2020,Evening,D32,1,0
2020,Morning,D43,0,0
2020,Afternoon,D11,0,0
2020,Night,D55,0,0
2020,Night,D31,0,0
2020,Night,D31,0,0
2020,Morning,D31,0,0
2020,Afternoon,D31,0,0
2020,Night,D33,0,0
2020,Afternoon,D12,0,0
2020,Night,D32,0,0
2020,Night,D52,0,0
2020,Afternoon,D31,0,0
2020,Evening,D31,0,0
2020,Morning,D43,0,1
2020,Night,D22,0,0
2020,Night,D51,0,0
2020,Night,D33,0,0
2020,Night,D41,0,0
2020,Evening,D53,0,1
2020,Night,D43,0,0
2020,Afternoon,D41,1,0
2020,Evening,D31,0,0
2020,Afternoon,D31,0,0
2020,Afternoon,D31,0,0
2020,Evening,D31,0,0
2020,Evening,D42,0,0
2020,Afternoon,D31,0,0
2020,Evening,D31,0,1
2020,Afternoon,D31,1,3
2020,Evening,D42,0,0
2020,Afternoon,D14,0,1
2020,Evening,D12,0,1
2020,Evening,D23,0,1
2020,Evening,D42,0,1
2020,Afternoon,D11,0,0
2020,Evening,D32,0,0
2020,Evening,D43,0,0
2020,Night,D32,0,0
2020,Evening,D41,0,0
2020,Evening,D42,0,0
2020,Evening,D42,0,0
2020,Evening,D23,0,0
2020,Afternoon,D11,0,1
2020,Night,D55,0,0
2020,Night,D31,0,1
2020,Night,D55,0,1
2020,Evening,D11,0,0
2020,Afternoon,D13,1,1
2020,Evening,D31,0,0
2020,Evening,D23,0,0
2020,Night,D31,0,0
2020,Morning,D31,0,1
2020,Evening,D23,0,0
2020,Evening,D43,0,2
2020,Morning,D14,0,1
2020,Afternoon,D43,0,1
2020,Night,D42,0,0
2020,Afternoon,D12,0,0
2020,Night,D13,0,0
2020,Evening,D42,0,1
2020,Night,D55,0,0
2020,Night,D33,0,0
2020,Afternoon,D55,0,1
2020,Afternoon,D53,0,0
2020,Morning,D23,0,0
2020,Afternoon,D43,0,1
2020,Morning,D11,0,0
2020,Evening,D13,0,1
2021,Night,D43,0,0
2021,Night,D12,0,0
2021,Morning,D14,0,1
2021,Evening,D13,0,1
2021,Evening,D23,0,0
2021,Afternoon,D43,0,2
2021,Night,D42,0,0
2021,Night,D32,0,0
2021,Evening,D32,0,0
2021,Afternoon,D42,0,1
2021,Evening,D31,0,0
2021,Afternoon,D31,0,0
2021,Afternoon,D23,0,0
2021,Evening,D23,0,0
2021,Evening,D23,0,0
2021,Afternoon,D31,1,0
2021,Night,D32,0,0
2021,Evening,D31,0,1
2021,Evening,D32,0,0
2021,Evening,D31,1,0
2021,Night,D33,0,0
2021,Night,D12,0,1
2021,Morning,D23,0,0
2021,Night,D32,0,0
2021,Evening,D53,1,1
2021,Evening,D32,0,0
2021,Evening,D12,1,0
2021,Night,D51,0,3
2021,Evening,D42,1,1
2021,Evening,D41,1,0
2021,Evening,D32,1,0
2021,Evening,D55,1,0
2021,Night,D55,0,1
2021,Evening,D23,0,0
2021,Evening,D33,0,0
2021,Night,D31,0,1
2021,Night,D31,0,1
2021,Evening,D23,1,0
2021,Evening,D55,0,1
2021,Evening,D42,0,0
2021,Afternoon,D31,0,0
2021,Evening,D14,0,1
2021,Evening,D55,0,0
2021,Night,D13,0,0
2021,Evening,D31,0,0
2021,Evening,D43,0,0
2021,Night,D52,0,0
2021,Afternoon,D41,0,0
2021,Evening,D51,0,0
2021,Morning,D43,0,0
2021,Evening,D23,0,0
2021,Afternoon,D13,0,0
2021,Afternoon,D14,0,0
2021,Night,D23,0,0
2021,Morning,D12,0,0
2021,Night,D55,0,0
2021,Afternoon,D32,0,0
2021,Afternoon,D22,0,1
2021,Afternoon,D42,0,0
2021,Evening,D23,0,1
2021,Night,D41,0,0
2021,Night,D33,0,0
2021,Evening,D51,0,1
2021,Evening,D12,0,1
2021,Night,D12,0,0
2021,Night,D33,0,0
2021,Night,D41,0,0
2021,Night,D41,0,0
2021,Night,D11,0,0
2021,Night,D11,0,1
2021,Night,D22,0,1
2021,Evening,D31,0,0
2021,Evening,D23,0,2
2021,Evening,D31,0,1
2021,Afternoon,D23,1,1
2021,Night,D23,0,0
2021,Night,D31,0,0
2021,Evening,D12,0,1
2021,Afternoon,D12,0,1
2021,Evening,D33,0,0
2021,Night,D42,0,1
2021,Evening,D23,0,0
2021,Afternoon,D14,0,0
2021,Evening,D23,0,1
2021,Afternoon,D43,0,0
2021,Evening,D31,0,1
2021,Evening,D31,0,1
2021,Afternoon,D31,0,0
2021,Morning,D23,0,1
2021,Afternoon,D32,0,1
2021,Evening,D31,0,1
2021,Evening,D32,0,0
2021,Evening,D31,0,0
2021,Afternoon,D14,0,0
2021,Night,D42,0,0
2021,Night,D32,0,0
2021,Evening,D12,1,0
2021,Evening,D23,0,0
2021,Afternoon,D22,0,1
2021,Night,D11,0,0
2021,Afternoon,D31,0,0
2021,Night,D12,0,0
2021,Night,D31,0,1
2021,Evening,D42,0,0
2021,Morning,D43,0,0
2021,Evening,D22,0,0
2021,Evening,D42,0,0
2021,Night,D31,0,0
2021,Morning,D22,0,1
2021,Afternoon,D22,0,1
2021,Night,D23,0,0
2021,Night,D41,0,0
2021,Morning,D55,0,0
2021,Night,D11,0,0
2021,Night,D33,0,0
2021,Night,D12,0,0
2021,Afternoon,D23,1,3
2021,Afternoon,D41,0,1
2021,Night,D43,0,0
2021,Afternoon,D41,0,1
2021,Night,D42,0,0
2021,Evening,D11,0,1
2021,Evening,D11,0,0
2021,Night,D14,0,1
2021,Evening,D42,0,0
2021,Afternoon,D23,0,0
2021,Evening,D43,0,0
2021,Afternoon,D32,0,0
2021,Evening,D55,0,0
2021,Evening,D31,0,0
2021,Evening,D12,0,0
2021,Evening,D31,0,0
2021,Afternoon,D13,0,0
2021,Evening,D11,0,1
2021,Evening,D23,0,1
2021,Afternoon,D11,0,1
2021,Night,D42,0,1
2021,Evening,D51,0,3
2021,Evening,D41,0,0
2021,Evening,D23,0,0
2021,Evening,D31,0,1
2021,Afternoon,D41,0,0
2021,Night,D12,0,0
2021,Evening,D22,0,0
2021,Morning,D42,0,0
2021,Evening,D31,0,0
2021,Afternoon,D11,0,0
2021,Night,D43,1,1
2021,Afternoon,D31,0,0
2021,Evening,D31,0,0
2021,Night,D11,0,0
2021,Evening,D41,0,1
2021,Evening,D43,2,0
2021,Night,D14,0,1
2021,Night,D42,0,2
2021,Evening,D41,0,0
2021,Night,D12,1,0
2021,Night,D31,0,0
2021,Afternoon,D31,0,0
2021,Evening,D23,0,4
2021,Morning,D12,0,0
2021,Night,D14,0,0
2021,Night,D55,0,0
2021,Evening,D41,0,0
2021,Evening,D22,0,0
2021,Night,D51,0,0
2021,Night,D55,0,0
2021,Night,D12,1,0
2021,Evening,D55,0,2
2021,Night,D32,0,0
2021,Night,D12,0,0
2021,Night,D31,0,0
2021,Evening,D12,0,0
2021,Afternoon,D31,0,0
2021,Evening,D51,0,1
2021,Evening,D23,0,0
2021,Evening,D12,0,1
2021,Afternoon,D12,0,0
2021,Evening,D23,0,0
2021,Night,D55,1,2
2021,Evening,D41,1,0
2021,Evening,D41,0,0
2021,Night,D14,0,0
2021,Evening,D31,1,0
2021,Evening,D42,0,1
2021,Night,D32,0,0
2021,Afternoon,D42,0,1
2021,Night,D51,0,0
2021,Evening,D12,0,0
2021,Afternoon,D22,0,0
2021,Night,D14,0,1
2021,Afternoon,D31,0,4
2021,Night,D14,0,0
2021,Evening,D23,0,1
2021,Night,D14,0,1
2021,Night,D43,0,1
2021,Night,D42,0,0
2021,Night,D53,0,1
2021,Night,D14,0,0
2021,Afternoon,D22,0,1
2021,Night,D23,0,0
2021,Evening,D42,0,0
2021,Night,D43,0,0
2021,Night,D14,0,0
2021,Evening,D55,0,2
2021,Evening,D31,0,1
2021,Evening,D13,0,1
2021,Night,D41,0,0
2021,Evening,D23,0,0
2021,Night,D23,1,0
2021,Night,D23,0,1
2021,Night,D31,0,0
2021,Evening,D31,0,1
2021,Night,D12,0,0
2021,Afternoon,D42,0,0
2021,Evening,D42,0,0
2021,Evening,D51,0,1
2021,Evening,D33,0,0
2021,Night,D12,0,0
2021,Night,D51,0,1
2021,Afternoon,D31,0,1
2021,Evening,D32,0,2
2021,Evening,D23,0,0
2021,Afternoon,D31,0,0
2021,Evening,D55,0,0
2021,Evening,D12,0,1
2021,Evening,D41,0,0
2021,Afternoon,D31,0,0
2021,Morning,D31,0,0
2021,Night,D22,0,1
2021,Night,D14,0,0
2021,Evening,D31,0,0
2021,Evening,D42,0,0
2021,Afternoon,D43,0,0
2021,Night,D53,0,0
2021,Afternoon,D43,0,0
2021,Night,D14,2,2
2021,Afternoon,D14,0,0
2021,Night,D31,0,0
2021,Night,D32,0,1
2021,Morning,D43,0,0
2021,Evening,D43,0,0
2021,Afternoon,D22,0,0
2021,Evening,D42,0,0
2021,Evening,D12,1,2
2021,Evening,D51,0,1
2021,Evening,D12,0,0
2021,Night,D31,0,1
2021,Night,D42,0,2
2021,Night,D22,0,0
2021,Night,D12,0,0
2021,Evening,D43,0,0
2021,Night,D22,0,0
2021,Evening,D43,0,0
2021,Evening,D43,0,0
2021,Morning,D52,0,0
2021,Evening,D42,0,3
2021,Morning,D55,0,1
2021,Evening,D31,0,2
2021,Night,D33,0,0
2021,Morning,D22,1,0
2021,Night,D14,0,1
2021,Evening,D51,0,1
2021,Night,D55,0,1
2021,Night,D52,1,1
2021,Night,D12,0,0
2021,Morning,D51,0,0
2021,Afternoon,D32,0,0
2021,Evening,D42,0,0
2021,Evening,D55,0,1
2021,Evening,D55,0,0
2021,Night,D53,0,0
2021,Evening,D41,0,0
2021,Morning,D12,0,0
2021,Night,D43,0,0
2021,Afternoon,D32,1,0
2021,Evening,D43,0,0
2021,Evening,D11,0,1
2021,Night,D31,0,1
2021,Evening,D31,0,1
2021,Night,D14,0,0
2021,Night,D42,0,0
2021,Evening,D31,1,0
2021,Night,D31,0,1
2021,Evening,D12,0,0
2021,Evening,D32,0,0
2021,Night,D14,0,0
2021,Night,D31,0,1
2021,Night,D43,0,0
2021,Night,D23,0,0
2021,Night,D31,0,0
2021,Afternoon,D12,0,1
2021,Evening,D51,0,0
2021,Afternoon,D53,0,1
2021,Night,D42,0,0
2021,Night,D42,0,0
2021,Afternoon,D23,0,0
2021,Evening,D41,1,0
2021,Night,D31,0,0
2021,Evening,D51,1,2
2021,Night,D31,0,0
2021,Night,D31,0,0
2021,Afternoon,D42,0,0
2021,Evening,D31,0,0
2021,Night,D42,1,0
2021,Night,D42,0,0
2021,Night,D14,0,0
2021,Night,D23,0,1
2021,Morning,D13,0,0
2021,Morning,D33,0,0
2021,Night,D51,0,1
2021,Night,D51,0,1
2021,Morning,D43,0,0
2021,Night,D42,0,0
2021,Night,D55,0,0
2021,Evening,D12,0,0
2021,Night,D55,0,0
2021,Evening,D43,0,0
2021,Evening,D12,0,1
2021,Night,D41,0,0
2021,Evening,D53,0,2
2021,Evening,D43,0,1
2021,Afternoon,D31,0,0
2021,Evening,D14,0,2
2021,Night,D12,0,0
2021,Evening,D42,1,0
2021,Afternoon,D14,0,0
2021,Night,D31,1,0
2021,Night,D52,0,1
2021,Evening,D33,0,1
2021,Evening,D55,0,0
2021,Night,D14,0,0
2021,Night,D14,0,0
2021,Afternoon,D52,0,0
2021,Night,D23,0,1
2021,Night,D31,1,1
2021,Afternoon,D12,1,0
2021,Night,D12,1,0
2021,Night,D31,1,0
2021,Night,D14,0,0
2021,Evening,D41,1,0
2021,Night,D23,0,1
2021,Morning,D13,0,1
2021,Evening,D51,0,1
2021,Night,D33,0,1
2021,Night,D42,1,0
2021,Evening,D43,0,0
2021,Evening,D13,0,0
2021,Evening,D55,0,0
2021,Night,D41,1,0
2021,Night,D14,0,1
2021,Night,D22,0,0
2021,Evening,D43,0,1
2021,Evening,D43,0,0
2021,Night,D43,0,2
2021,Evening,D32,0,0
2021,Evening,D11,0,0
2021,Evening,D43,0,1
2021,Afternoon,D43,0,0
2021,Night,D13,0,0
2021,Night,D51,0,0
2021,Evening,D12,0,0
2021,Evening,D41,0,2
2021,Evening,D43,1,0
2021,Night,D42,0,0
2021,Night,D23,0,0
2021,Night,D14,0,1
2021,Evening,D55,0,1
2021,Night,D41,0,1
2021,Evening,D43,0,0
2021,Night,D43,0,0
2021,Night,D14,0,2
2021,Night,D42,1,0
2021,Evening,D11,0,1
2021,Evening,D42,0,0
2021,Morning,D55,0,0
2021,Night,D43,0,0
2021,Morning,D43,0,0
2021,Night,D42,0,0
2021,Evening,D43,0,1
2021,Evening,D42,0,0
2021,Night,D52,0,1
2021,Evening,D31,0,1
2021,Night,D42,1,0
2021,Evening,D23,0,0
2021,Night,D31,0,1
2021,Evening,D55,0,0
2021,Evening,D12,0,0
2021,Night,D33,0,0
2021,Afternoon,D12,0,0
2021,Afternoon,D11,0,1
2021,Evening,D43,0,0
2021,Afternoon,D43,0,0
2021,Night,D43,0,1
2021,Morning,D51,0,0
2021,Afternoon,D43,0,1
2021,Night,D23,0,0
2021,Evening,D31,1,0
2021,Evening,D32,1,0
2021,Night,D11,0,0
2021,Morning,D13,0,0
2021,Afternoon,D12,0,0
2021,Evening,D12,1,0
2021,Night,D32,0,0
2021,Morning,D51,0,0
2021,Night,D31,0,1
2021,Evening,D41,0,0
2021,Evening,D22,0,1
2021,Evening,D43,0,0
2022,Night,D53,0,3
2022,Afternoon,D12,1,0
2022,Night,D55,0,0
2022,Afternoon,D22,1,0
2022,Evening,D22,2,1
2022,Night,D42,0,1
2022,Afternoon,D42,0,1
2022,Evening,D31,0,1
2022,Night,D31,0,0
2022,Evening,D41,0,0
2022,Afternoon,D11,0,0
2022,Evening,D22,0,1
2022,Afternoon,D51,0,0
2022,Evening,D53,1,0
2022,Evening,D31,0,0
2022,Night,D53,0,0
2022,Evening,D32,0,0
2022,Evening,D23,0,1
2022,Night,D11,0,0
2022,Night,D23,1,0
2022,Evening,D55,1,0
2022,Evening,D33,0,0
2022,Night,D12,0,1
2022,Night,D12,1,0
2022,Evening,D53,1,0
2022,Night,D31,0,0
2022,Afternoon,D43,0,0
2022,Evening,D55,0,1
2022,Morning,D12,0,0
2022,Evening,D31,0,1
2022,Evening,D42,0,0
2022,Evening,D51,0,0
2022,Morning,D55,0,1
2022,Night,D33,0,0
2022,Morning,D31,0,1
2022,Afternoon,D51,0,1
2022,Evening,D42,0,1
2022,Night,D32,0,2
2022,Evening,D51,0,1
2022,Night,D43,0,0
2022,Night,D31,0,1
2022,Evening,D55,0,0
2022,Evening,D11,0,1
2022,Night,D12,0,0
2022,Evening,D55,0,0
2022,Afternoon,D23,0,0
2022,Afternoon,D41,0,3
2022,Morning,D55,0,0
2022,Afternoon,D31,0,1
2022,Afternoon,D41,1,0
2022,Night,D53,0,0
2022,Morning,D55,0,0
2022,Afternoon,D32,1,0
2022,Evening,D33,0,0
2022,Afternoon,D32,0,0
2022,Night,D12,1,0
2022,Night,D43,0,0
2022,Night,D31,0,0
2022,Afternoon,D33,0,0
2022,Evening,D31,0,1
2022,Morning,D14,0,1
2022,Night,D32,0,1
2022,Night,D31,0,0
2022,Evening,D43,0,1
2022,Afternoon,D43,1,0
2022,Evening,D14,0,0
2022,Evening,D31,0,0
2022,Night,D41,0,0
2022,Afternoon,D12,0,0
2022,Afternoon,D12,0,1
2022,Night,D41,0,0
2022,Night,D14,0,0
2022,Morning,D14,0,1
2022,Night,D22,0,0
2022,Evening,D53,0,0
2022,Evening,D41,0,0
2022,Night,D31,0,0
2022,Night,D32,0,0
2022,Evening,D55,0,0
2022,Evening,D55,0,0
2022,Morning,D43,0,0
2022,Night,D51,0,0
2022,Afternoon,D31,0,0
2022,Night,D13,0,0
2022,Evening,D32,0,0
2022,Evening,D42,0,0
2022,Night,D23,0,1
2022,Night,D42,0,0
2022,Evening,D33,0,0
2022,Afternoon,D43,0,1
2022,Night,D32,0,0
2022,Night,D32,0,0
2022,Evening,D53,0,0
2022,Evening,D43,0,0
2022,Evening,D23,0,0
2022,Evening,D31,0,0
2022,Afternoon,D51,1,0
2022,Evening,D43,0,0
2022,Night,D13,0,0
2022,Afternoon,D31,0,1
2022,Night,D13,0,0
2022,Evening,D51,1,0
2022,Night,D52,0,0
2022,Evening,D13,0,0
2022,Night,D12,0,1
2022,Night,D33,0,0
2022,Afternoon,D41,0,0
2022,Night,D51,0,0
2022,Night,D23,0,1
2022,Night,D42,0,0
2022,Evening,D41,0,0
2022,Night,D31,0,0
2022,Night,D43,0,5
2022,Evening,D43,0,0
2022,Evening,D33,0,0
2022,Night,D55,0,0
2022,Night,D53,0,0
2022,Evening,D23,0,0
2022,Night,D51,0,0
2022,Afternoon,D22,0,0
2022,Afternoon,D31,0,0
2022,Night,D41,0,0
2022,Morning,D55,0,1
2022,Afternoon,D51,0,0
2022,Night,D52,0,0
2022,Evening,D11,1,1
2022,Afternoon,D23,0,0
2022,Night,D31,0,0
2022,Morning,D31,0,1
2022,Afternoon,D23,1,1
2022,Night,D43,0,0
2022,Evening,D23,0,0
2022,Night,D31,0,0
2022,Night,D51,0,1
2022,Night,D51,0,0
2022,Evening,D42,0,0
2022,Night,D11,0,0
2022,Night,D42,1,1
2022,Afternoon,D43,0,0
2022,Evening,D31,1,0
2022,Night,D42,0,1
2022,Evening,D33,0,0
2022,Evening,D33,0,1
2022,Evening,D31,0,0
2022,Night,D33,0,1
2022,Evening,D13,0,0
2022,Morning,D33,0,1
2022,Afternoon,D41,0,0
2022,Evening,D55,0,0
2022,Night,D43,0,0
2022,Night,D41,0,0
2022,Night,D31,0,0
2022,Evening,D13,0,0
2022,Evening,D42,0,0
2022,Night,D33,0,1
2022,Night,D31,0,0
2022,Afternoon,D51,0,0
2022,Evening,D55,0,0
2022,Evening,D55,0,2
2022,Evening,D22,0,0
2022,Afternoon,D31,0,0
2022,Evening,D31,0,1
2022,Evening,D43,0,1
2022,Afternoon,D23,0,0
2022,Evening,D22,0,0
2022,Evening,D31,0,0
2022,Night,D51,0,0
2022,Night,D12,0,0
2022,Night,D31,0,0
2022,Night,D12,0,0
2022,Night,D33,0,1
2022,Evening,D51,0,1
2022,Night,D13,1,0
2022,Morning,D11,0,1
2022,Afternoon,D43,0,0
2022,Evening,D43,0,0
2022,Evening,D43,1,0
2022,Night,D51,0,1
2022,Afternoon,D31,0,0
2022,Afternoon,D33,0,0
2022,Night,D55,0,0
2022,Evening,D23,0,0
2022,Evening,D32,1,0
2022,Night,D32,0,0
2022,Evening,D41,0,1
2022,Morning,D41,0,0
2022,Evening,D23,1,1
2022,Night,D32,0,1
2022,Night,D43,0,0
2022,Afternoon,D13,1,0
2022,Afternoon,D12,0,2
2022,Afternoon,D32,0,1
2022,Evening,D42,0,4
2022,Evening,D43,0,0
2022,Evening,D43,0,0
2022,Evening,D32,0,0
2022,Evening,D12,0,0
2022,Night,D51,0,0
2022,Evening,D23,0,1
2022,Evening,D41,0,0
2022,Night,D12,0,0
2022,Morning,D22,0,0
2022,Afternoon,D51,0,0
2022,Night,D32,0,0
2022,Evening,D55,0,1
2022,Afternoon,D55,0,0
2022,Night,D41,0,6
2022,Afternoon,D43,0,1
2022,Morning,D22,0,0
2022,Night,D23,0,1
2022,Evening,D23,0,0
2022,Night,D43,0,0
2022,Night,D31,0,1
2022,Evening,D55,1,0
2022,Evening,D43,0,0
2022,Evening,D33,0,2
2022,Night,D23,0,0
2022,Morning,D55,0,0
2022,Night,D11,0,0
2022,Evening,D23,0,0
2022,Evening,D23,0,0
2022,Evening,D52,1,0
2022,Night,D14,1,1
2022,Evening,D55,0,1
2022,Night,D13,0,1
2022,Night,D14,0,0
2022,Night,D32,0,0
2022,Night,D11,0,0
2022,Morning,D51,0,0
2022,Evening,D31,0,0
2022,Afternoon,D51,0,0
2022,Night,D11,0,1
2022,Night,D32,0,0
2022,Night,D13,0,0
2022,Evening,D23,0,1
2022,Night,D42,0,0
2022,Night,D41,0,1
2022,Night,D33,0,0
2022,Night,D42,0,1
2022,Evening,D41,0,1
2022,Evening,D12,0,0
2022,Night,D51,0,0
2022,Afternoon,D31,0,0
2022,Night,D33,0,0
2022,Night,D42,0,1
2022,Night,D22,0,2
2022,Night,D12,1,1
2022,Morning,D14,0,1
2022,Evening,D53,0,1
2022,Evening,D55,0,0
2022,Night,D23,0,0
2022,Afternoon,D32,0,0
2022,Night,D43,0,1
2022,Night,D43,0,0
2022,Evening,D31,0,0
2022,Afternoon,D12,0,0
2022,Evening,D31,0,0
2022,Night,D43,0,1
2022,Night,D23,0,0
2022,Night,D41,0,0
2022,Afternoon,D55,0,0
2022,Evening,D13,0,0
2022,Morning,D31,1,0
2022,Evening,D41,0,1
2022,Night,D12,0,0
2022,Night,D43,0,0
2022,Night,D14,0,1
2022,Night,D51,0,0
2022,Evening,D31,0,0
2022,Evening,D42,0,0
2022,Afternoon,D31,0,0
2022,Night,D32,0,0
2022,Night,D31,0,0
2022,Night,D31,0,0
2022,Afternoon,D13,0,0
2022,Night,D14,0,1
2022,Night,D13,0,1
2022,Night,D14,0,0
2022,Night,D12,0,0
2022,Morning,D41,0,0
2022,Evening,D13,0,0
2022,Evening,D32,0,1
2022,Evening,D14,0,0
2022,Night,D31,0,1
2022,Night,D13,0,0
2022,Night,D31,1,0
2022,Night,D52,0,1
2022,Night,D11,0,2
2022,Morning,D23,0,1
2022,Night,D14,0,3
2022,Night,D22,0,0
2022,Night,D41,0,0
2022,Night,D12,0,0
2022,Morning,D53,0,0
2022,Evening,D22,1,1
2022,Evening,D12,0,0
2022,Evening,D43,0,1
2022,Evening,D32,0,1
2022,Night,D42,0,0
2022,Night,D23,0,0
2022,Night,D14,0,1
2022,Evening,D13,0,0
2022,Morning,D43,0,1
2022,Evening,D13,0,0
2022,Afternoon,D41,1,0
2022,Evening,D14,0,1
2022,Night,D32,0,1
2022,Evening,D42,0,0
2022,Afternoon,D31,0,1
2022,Afternoon,D43,0,1
2022,Evening,D43,0,1
2022,Afternoon,D43,0,0
2022,Evening,D43,0,0
2022,Morning,D33,0,1
2022,Evening,D31,0,0
2022,Night,D53,0,0
2022,Evening,D23,0,0
2022,Afternoon,D31,1,0
2022,Evening,D12,1,1
2022,Evening,D32,1,2
2022,Evening,D42,0,0
2022,Afternoon,D51,0,1
2022,Night,D11,0,0
2022,Night,D12,0,1
2022,Night,D42,0,1
2022,Evening,D41,0,0
2022,Afternoon,D43,0,0
2022,Evening,D43,0,1
2022,Night,D13,0,0
2022,Night,D14,1,0
2022,Afternoon,D13,0,0
2022,Night,D52,0,1
2022,Night,D31,0,1
2022,Night,D33,0,1
2022,Afternoon,D42,0,1
2022,Evening,D43,0,0
2022,Morning,D52,0,0
2022,Night,D43,0,0
2022,Afternoon,D55,1,0
2022,Night,D23,0,0
2022,Afternoon,D43,1,1
2022,Night,D31,0,0
2022,Evening,D43,0,0
2022,Evening,D14,0,1
2022,Night,D33,0,0
2022,Night,D55,0,0
2022,Evening,D42,1,0
2022,Afternoon,D14,0,0
2022,Afternoon,D14,1,3
2022,Evening,D32,0,0
2022,Night,D14,0,0
2022,Evening,D23,0,0
2022,Afternoon,D23,1,0
2022,Evening,D11,0,0
2022,Night,D23,0,0
2022,Evening,D31,0,1
2022,Evening,D43,0,1
2022,Night,D51,0,1
2022,Evening,D42,0,0
2022,Evening,D41,0,2
2022,Evening,D14,0,1
2022,Evening,D12,0,0
2022,Afternoon,D32,0,0
2022,Night,D42,0,0
2022,Night,D51,0,1
2022,Night,D41,0,1
2022,Evening,D55,1,1
2022,Night,D33,0,0
2022,Morning,D14,0,0
2022,Afternoon,D43,0,1
2022,Night,D43,1,0
2022,Afternoon,D43,0,1
2022,Night,D14,0,0
2022,Evening,D32,0,0
2022,Afternoon,D11,0,0
2022,Evening,D13,0,0
2022,Evening,D23,0,0
2022,Evening,D55,0,0
2022,Evening,D42,1,0
2022,Morning,D13,0,0
2023,Morning,D52,0,0
2023,Night,D55,0,1
2023,Night,D12,0,1
2023,Evening,D22,0,1
2023,Night,D23,0,1
2023,Night,D31,0,0
2023,Evening,D23,0,1
2023,Afternoon,D55,0,1
2023,Afternoon,D33,0,3
2023,Night,D42,0,0
2023,Afternoon,D53,0,1
2023,Evening,D11,0,0
2023,Evening,D42,0,0
2023,Morning,D42,0,1
2023,Night,D31,0,0
2023,Afternoon,D41,0,0
2023,Night,D42,0,0
2023,Afternoon,D32,0,0
2023,Evening,D41,0,0
2023,Afternoon,D12,0,0
2023,Afternoon,D41,0,1
2023,Night,D43,0,0
2023,Night,D14,0,1
2023,Afternoon,D12,0,1
2023,Evening,D13,0,0
2023,Night,D23,0,0
2023,Afternoon,D31,0,2
2023,Afternoon,D33,0,0
2023,Afternoon,D13,0,0
2023,Morning,D51,0,1
2023,Night,D31,0,0
2023,Evening,D41,0,1
2023,Afternoon,D14,0,1
2023,Night,D13,0,0
2023,Evening,D41,0,0
2023,Evening,D33,0,0
2023,Evening,D14,0,0
2023,Night,D43,1,0
2023,Night,D12,0,0
2023,Evening,D23,0,1
2023,Night,D42,0,1
2023,Afternoon,D53,0,0
2023,Afternoon,D31,0,1
2023,Afternoon,D43,0,2
2023,Night,D14,0,0
2023,Afternoon,D42,0,0
2023,Afternoon,D33,1,2
2023,Afternoon,D23,0,1
2023,Night,D12,0,1
2023,Night,D55,0,0
2023,Night,D13,0,0
2023,Morning,D52,0,0
2023,Evening,D32,0,1
2023,Morning,D13,0,0
2023,Evening,D31,0,0
2023,Night,D41,0,0
2023,Afternoon,D43,0,0
2023,Night,D32,0,2
2023,Night,D12,0,0
2023,Night,D41,0,0
2023,Night,D43,0,0
2023,Night,D41,0,0
2023,Evening,D31,0,0
2023,Evening,D31,0,0
2023,Night,D55,0,0
2023,Evening,D14,1,0
2023,Evening,D12,1,0
2023,Evening,D23,0,0
2023,Evening,D22,0,0
2023,Evening,D11,0,1
2023,Evening,D41,0,0
2023,Night,D23,0,0
2023,Afternoon,D52,0,0
2023,Evening,D31,1,0
2023,Evening,D31,0,1
2023,Afternoon,D32,0,1
2023,Night,D23,0,0
2023,Evening,D23,0,0
2023,Afternoon,D42,0,0
2023,Evening,D22,0,0
2023,Afternoon,D23,0,1
2023,Night,D52,0,1
2023,Morning,D31,0,0
2023,Night,D31,0,0
2023,Evening,D41,0,0
2023,Night,D13,0,0
2023,Evening,D33,0,0
2023,Night,D14,0,1
2023,Night,D51,0,0
2023,Night,D32,0,0
2023,Night,D22,1,0
2023,Evening,D33,0,0
2023,Evening,D41,0,0
2023,Evening,D23,1,0
2023,Night,D42,0,0
2023,Night,D13,0,2
2023,Evening,D12,0,0
2023,Morning,D23,0,0
2023,Morning,D55,0,0
2023,Afternoon,D32,0,0
2023,Evening,D43,0,0
2023,Night,D31,0,0
2023,Evening,D11,0,1
2023,Night,D55,0,0
2023,Evening,D43,0,0
2023,Afternoon,D12,0,1
2023,Evening,D12,0,0
2023,Night,D41,0,0
2023,Evening,D23,0,1
2023,Afternoon,D22,0,0
2023,Evening,D43,0,1
2023,Evening,D55,0,0
2023,Night,D55,0,1
2023,Afternoon,D33,0,0
2023,Night,D42,0,1
2023,Evening,D12,0,1
2023,Afternoon,D41,0,1
2023,Evening,D43,0,0
2023,Night,D23,0,1
2023,Night,D31,0,0
2023,Morning,D31,1,0
2023,Afternoon,D55,0,0
2023,Morning,D42,0,1
2023,Evening,D22,1,0
2023,Evening,D42,0,0
2023,Night,D42,0,1
2023,Evening,D43,0,1
2023,Night,D43,0,0
2023,Evening,D32,0,0
2023,Night,D53,0,1
2023,Night,D31,0,0
2023,Morning,D51,0,0
2023,Evening,D23,0,0
2023,Night,D33,1,0
2023,Afternoon,D43,0,0
2023,Night,D41,0,0
2023,Night,D42,0,0
2023,Afternoon,D43,0,2
2023,Afternoon,D43,0,1
2023,Night,D51,0,2
2023,Night,D55,0,0
2023,Evening,D32,0,0
2023,Night,D31,0,0
2023,Evening,D23,1,0
2023,Night,D14,0,0
2023,Night,D13,0,1
2023,Afternoon,D13,0,0
2023,Evening,D41,0,1
2023,Night,D41,0,2
2023,Afternoon,D55,1,0
2023,Night,D12,0,0
2023,Night,D14,0,0
2023,Night,D53,0,0
2023,Morning,D52,0,2
2023,Evening,D23,0,0
2023,Evening,D13,0,1
2023,Afternoon,D43,0,3
2023,Evening,D11,0,1
2023,Evening,D55,0,1
2023,Evening,D23,1,0
2023,Night,D23,0,0
2023,Night,D31,0,0
2023,Night,D55,0,0
2023,Evening,D31,0,1
2023,Evening,D23,0,0
2023,Night,D31,0,0
2023,Night,D14,0,0
2023,Night,D55,1,0
2023,Night,D23,0,0
2023,Evening,D22,1,0
2023,Evening,D42,0,0
2023,Afternoon,D51,1,0
2023,Night,D14,0,0
2023,Night,D31,0,0
2023,Night,D22,0,0
2023,Afternoon,D31,0,0
2023,Night,D31,0,0
2023,Night,D31,0,0
2023,Night,D42,0,0
2023,Morning,D55,0,1
2023,Evening,D23,0,1
2023,Night,D42,0,0
2023,Evening,D31,0,1
2023,Evening,D22,0,0
2023,Evening,D23,0,0
2023,Night,D55,0,0
2023,Night,D42,0,2
2023,Evening,D14,0,1
2023,Night,D52,0,2
2023,Night,D42,0,0
2023,Night,D42,0,0
2023,Afternoon,D12,0,0
2023,Night,D42,0,0
2023,Evening,D12,0,1
2023,Afternoon,D51,0,3
2023,Night,D31,0,2
2023,Evening,D31,0,0
2023,Afternoon,D22,0,1
2023,Evening,D55,0,1
2023,Afternoon,D23,0,1
2023,Evening,D33,0,0
2023,Afternoon,D11,0,1
2023,Afternoon,D42,0,1
2023,Night,D43,0,0
2023,Night,D14,1,0
2023,Night,D51,0,0
2023,Evening,D31,0,0
2023,Evening,D11,0,0
2023,Night,D23,0,0
2023,Evening,D13,1,1
2023,Afternoon,D23,0,1
2023,Night,D33,0,0
2023,Afternoon,D23,0,1
2023,Afternoon,D33,0,1
2023,Morning,D42,0,0
2023,Night,D55,0,0
2023,Evening,D43,0,0
2023,Evening,D22,1,0
2023,Afternoon,D43,1,0
2023,Morning,D31,0,0
2023,Night,D53,0,0
2023,Evening,D31,0,1
2023,Night,D51,1,3
2023,Night,D33,0,0
2023,Afternoon,D41,0,1
2023,Night,D11,0,0
2023,Evening,D11,0,0
2023,Night,D42,0,0
2023,Morning,D14,0,0
2023,Evening,D55,0,0
2023,Night,D41,0,2
2023,Evening,D23,0,0
2023,Evening,D23,2,2
2023,Night,D13,0,0
2023,Evening,D43,0,1
2023,Night,D12,0,0
2023,Night,D11,0,0
2023,Night,D23,0,0
2023,Evening,D43,1,0
2023,Night,D53,0,0
2023,Night,D51,0,0
2023,Night,D31,0,1
2023,Evening,D43,0,0
2023,Night,D31,0,0
2023,Morning,D23,0,1
2023,Night,D42,0,1
2023,Night,D55,0,0
2023,Night,D23,0,0
2023,Evening,D22,0,0
2023,Morning,D32,0,0
2023,Morning,D42,0,0
2023,Night,D41,0,1
2023,Night,D12,0,0
2023,Evening,D33,0,0
2023,Night,D11,0,0
2023,Afternoon,D11,0,0
2023,Evening,D23,0,1
2023,Evening,D31,0,0
2023,Evening,D31,0,0
2023,Evening,D23,0,1
2023,Evening,D31,0,0
2023,Night,D42,0,0
2023,Night,D43,0,0
2023,Night,D42,0,0
2023,Night,D31,0,0
2023,Afternoon,D55,0,0
2023,Night,D31,0,0
2023,Evening,D22,0,1
2023,Afternoon,D13,0,1
2023,Night,D12,0,1
2023,Night,D22,0,0
2023,Night,D41,0,0
2023,Night,D31,0,0
2023,Afternoon,D33,0,0
2023,Night,D43,0,1
2023,Night,D51,0,1
2023,Night,D41,0,4
2023,Night,D52,0,1
2023,Night,D32,0,0
2023,Afternoon,D51,0,0
2023,Night,D55,0,2
2023,Afternoon,D13,0,0
2023,Afternoon,D43,1,1
2023,Night,D12,0,0
2023,Evening,D52,1,0
2023,Evening,D12,0,0
2023,Night,D53,0,0
2023,Night,D43,0,0
2023,Evening,D23,0,0
2023,Evening,D42,0,0
2023,Night,D31,0,0
2023,Evening,D12,0,0
2023,Afternoon,D43,0,0
2023,Afternoon,D43,0,0
2023,Evening,D43,0,0
2023,Evening,D41,0,0
2023,Night,D12,0,0
2023,Night,D12,0,0
2023,Evening,D12,0,0
2023,Afternoon,D33,0,0
2023,Afternoon,D14,0,0
2023,Night,D43,0,0
2023,Evening,D33,0,0
2023,Evening,D22,0,0
2023,Night,D43,0,0
2023,Night,D32,0,0
2023,Evening,D12,0,0
2023,Evening,D31,0,1
2023,Evening,D12,0,0
2023,Afternoon,D41,0,0
2023,Night,D31,0,0
2023,Night,D42,0,0
2023,Morning,D42,0,0
2023,Night,D42,0,0
2023,Night,D43,0,0
2023,Night,D41,0,1
2023,Morning,D31,1,0
2023,Afternoon,D13,0,1
2023,Evening,D32,0,0
2023,Evening,D42,0,0
2023,Night,D12,0,0
2023,Evening,D43,0,0
2023,Afternoon,D51,0,0
2023,Evening,D41,0,0
2023,Night,D14,0,1
2023,Evening,D42,0,0
2023,Night,D14,0,0
2023,Night,D55,0,0
2023,Night,D33,0,1
2023,Afternoon,D12,0,1
2023,Morning,D12,0,1
2023,Evening,D31,0,1
2023,Night,D14,0,0
2023,Evening,D55,1,0
2023,Evening,D42,0,1
2023,Evening,D43,0,1
2023,Night,D31,1,1
2023,Night,D41,0,1
2023,Night,D12,0,0
2023,Night,D52,0,2
2023,Night,D43,0,0
2023,Night,D43,0,0
2023,Afternoon,D31,0,0
2023,Night,D43,0,0
2023,Night,D51,0,3
